ENOLA COFFEE TABLE WHITE,197741A  |  3560232709777,"€44.10
HT",In arrival,https://images.easyrea.com/images/produits/197741A/197741A.jpg,"{'Circle of life': 'PERMANENT', 'Color': 'Blanc', 'Assortment number': '0', 'Assortment details': 'BLANC/BOIS', 'Product dimensions': 'D. 55 x H. 38 cm', 'Product Weight': '6.300 Kg', 'Material': 'MDF E1', 'Assembly': 'A monter soi-même', 'Packaging': 'MASTER BOITE KRAFT/STICKER IMPRIME T3 /HANGTAG LIVRET', 'Implantation': 'AU_SOL', 'Customs code': '9403609000', 'ECO MOB': '0.66 TTC', 'Gencod': '3560232709777'}","{'Plateform': 'Amiens', 'Packing (box/pack/pallet)': '1 / 1 / 18', 'Packing dimensions': '60.00 x 60.00 x 26.50 cm', 'Packing details dimensions': 'L.60.00 x l.60.00 x H.26.50 cm', 'Packing weight': '9.00 kg', 'Volume': '0.0954 m3'}","Description
Collection: Olme design","['https://images.easyrea.com/images/produits/197741A/197741A_0.jpg', 'https://images.easyrea.com/images/produits/197741A/197741A_1.jpg', 'https://images.easyrea.com/images/produits/197741A/197741A.jpg']"
ENOLA COFFEE TABLE BLACK,197741B  |  3560232709791,"€44.10
HT",In arrival,https://images.easyrea.com/images/produits/197741B/197741B.jpg,"{'Circle of life': 'PERMANENT', 'Color': 'Noir', 'Assortment number': '0', 'Assortment details': 'NOIR/BOIS', 'Product dimensions': 'D. 55 x H. 38 cm', 'Product Weight': '6.300 Kg', 'Material': 'MDF E1', 'Assembly': 'A monter soi-même', 'Packaging': 'MASTER BOITE KRAFT/STICKER IMPRIME T3 /HANGTAG LIVRET', 'Implantation': 'AU_SOL', 'Customs code': '9403601000', 'ECO MOB': '0.66 TTC', 'Gencod': '3560232709791'}","{'Plateform': 'Amiens', 'Packing (box/pack/pallet)': '1 / 1 / 18', 'Packing dimensions': '60.00 x 60.00 x 26.50 cm', 'Packing details dimensions': 'L.60.00 x l.60.00 x H.26.50 cm', 'Packing weight': '9.00 kg', 'Volume': '0.0954 m3'}","Description
Collection: Olme design","['https://images.easyrea.com/images/produits/197741B/197741B_0.jpg', 'https://images.easyrea.com/images/produits/197741B/197741B_1.jpg', 'https://images.easyrea.com/images/produits/197741B/197741B.jpg']"
NEILE MEDIUM COFFEE TABLE NATURAL,140363  |  3560234477223,"€44.10
HT",In arrival,https://images.easyrea.com/images/produits/140363/140363.jpg,"{'Circle of life': 'PERMANENT', 'Color': 'Marron', 'Assortment number': '0', 'Assortment details': 'Effet bois', 'Product dimensions': 'L. 97 x P. 65 x H. 50 cm', 'Product Weight': '8.200 Kg', 'Material': 'IRON/MDF E1', 'Assembly': 'A monter soi-même', 'Packaging': 'STICKER IMPRIME T3 /MASTER BOITE KRAFT', 'Implantation': 'AU_SOL', 'Customs code': '9403601000', 'ECO MOB': '1.00 TTC', 'Gencod': '3560234477223'}","{'Plateform': 'Amiens', 'Packing (box/pack/pallet)': '1 / 1 / 20', 'Packing dimensions': '101.00 x 11.00 x 69.00 cm', 'Packing details dimensions': 'L.101.00 x l.11.00 x H.69.00 cm', 'Packing weight': '9.50 kg', 'Volume': '0.0767 m3'}","Description
Nombre de couverts : N/A
Extensible : N/A
Pliable : NON
Empilable : NON
Nombre de tiroirs : N/A","['https://images.easyrea.com/images/produits/140363/140363_0.jpg', 'https://images.easyrea.com/images/produits/140363/140363.jpg', 'https://easyrea.com/assets/img/empty.svg']"
NEILE MEDIUM COFFEE TABLE WHITE,140363B  |  3560232710315,"€44.10
HT",In stock,https://images.easyrea.com/images/produits/140363B/140363B.jpg,"{'Circle of life': 'PERMANENT', 'Color': 'Beige', 'Assortment number': '0', 'Assortment details': 'METAL FILAIRE BLC / EFFET CHENE CLAIR', 'Product dimensions': 'L. 97 x P. 50 x H. 65 cm', 'Product Weight': '8.200 Kg', 'Material': 'MDF E1/IRON', 'Assembly': 'A monter soi-même', 'Packaging': 'MASTER BOITE KRAFT/STICKER IMPRIME T3', 'Implantation': 'AU_SOL', 'Customs code': '9403208000', 'ECO MOB': '1.00 TTC', 'Gencod': '3560232710315'}","{'Plateform': 'Amiens', 'Packing (box/pack/pallet)': '1 / 1 / 21', 'Packing dimensions': '101.00 x 11.00 x 69.00 cm', 'Packing details dimensions': 'L.101.00 x l.11.00 x H.69.00 cm', 'Packing weight': '12.50 kg', 'Volume': '0.0767 m3'}",,"['https://images.easyrea.com/images/produits/140363B/140363B_0.jpg', 'https://images.easyrea.com/images/produits/140363B/140363B_1.jpg', 'https://images.easyrea.com/images/produits/140363B/140363B.jpg']"
NEILE LARGE COFFEE TABLE NATURAL,140364  |  3560234477230,"€55.13
HT",In stock,https://images.easyrea.com/images/produits/140364/140364.jpg,"{'Circle of life': 'PERMANENT', 'Color': 'Marron', 'Assortment number': '0', 'Assortment details': 'Effet bois', 'Product dimensions': 'L. 112 x P. 80 x H. 40 cm', 'Product Weight': '10.200 Kg', 'Material': 'MDF E1', 'Assembly': 'A monter soi-même', 'Packaging': 'STICKER IMPRIME T3 /MASTER BOITE KRAFT', 'Implantation': 'AU_SOL', 'Customs code': '9403601000', 'ECO MOB': '1.50 TTC', 'Gencod': '3560234477230'}","{'Plateform': 'Amiens', 'Packing (box/pack/pallet)': '1 / 1 / 14', 'Packing dimensions': '116.00 x 11.00 x 84.00 cm', 'Packing details dimensions': 'L.116.00 x l.11.00 x H.84.00 cm', 'Packing weight': '13.00 kg', 'Volume': '0.1072 m3'}","Description
Nombre de couverts : N/A
Extensible : N/A
Pliable : NON
Empilable : NON
Nombre de tiroirs : N/A","['https://images.easyrea.com/images/produits/140364/140364_0.jpg', 'https://images.easyrea.com/images/produits/140364/140364.jpg', 'https://easyrea.com/assets/img/empty.svg']"
NEILE LARGE COFFEE TABLE WHITE,140364B  |  3560232710339,"€55.13
HT",In stock,https://images.easyrea.com/images/produits/140364B/140364B.jpg,"{'Circle of life': 'PERMANENT', 'Color': 'Beige', 'Assortment number': '0', 'Assortment details': 'METAL FILAIRE BLC / EFFET CHENE CLAIR', 'Product dimensions': 'L. 112 x P. 40 x H. 80 cm', 'Product Weight': '10.200 Kg', 'Material': 'MDF E1', 'Assembly': 'A monter soi-même', 'Packaging': 'MASTER BOITE KRAFT/STICKER IMPRIME T3', 'Implantation': 'AU_SOL', 'Customs code': '9403208000', 'ECO MOB': '1.50 TTC', 'Gencod': '3560232710339'}","{'Plateform': 'Amiens', 'Packing (box/pack/pallet)': '1 / 1 / 17', 'Packing dimensions': '116.00 x 11.00 x 84.00 cm', 'Packing details dimensions': 'L.116.00 x l.11.00 x H.84.00 cm', 'Packing weight': '12.50 kg', 'Volume': '0.1072 m3'}",,"['https://images.easyrea.com/images/produits/140364B/140364B_0.jpg', 'https://images.easyrea.com/images/produits/140364B/140364B_1.jpg', 'https://images.easyrea.com/images/produits/140364B/140364B.jpg']"
TAHO COFFEE TABLE,166738  |  3560233812865,"€49.62
HT",In stock,https://images.easyrea.com/images/produits/166738/166738.jpg,"{'Circle of life': 'PERMANENT', 'Color': 'Transparent', 'Assortment number': '0', 'Assortment details': 'VERRE TREMPE', 'Product dimensions': 'L. 110 x P. 60 x H. 45 cm', 'Product Weight': '21.000 Kg', 'Material': 'IRON/TEMP GLAS', 'Assembly': 'A monter soi-même', 'Packaging': 'STICKER IMPRIME T3 /MASTER BOITE KRAFT', 'Implantation': 'AU_SOL', 'Customs code': '9403208000', 'ECO MOB': '2.20 TTC', 'Gencod': '3560233812865'}","{'Plateform': 'Amiens', 'Packing (box/pack/pallet)': '1 / 1 / 20', 'Packing dimensions': '116.50 x 65.00 x 6.50 cm', 'Packing details dimensions': 'L.116.50 x l.65.00 x H.6.50 cm', 'Packing weight': '22.90 kg', 'Volume': '0.0492 m3'}","Description
Nombre de couverts : /
Extensible : NON
Pliable : NON
Empilable : NON
Nombre de tiroirs : /","['https://images.easyrea.com/images/produits/166738/166738_0.jpg', 'https://images.easyrea.com/images/produits/166738/166738.jpg', 'https://easyrea.com/assets/img/empty.svg']"
ARDEN RECTANGLE COFFEE TABLE,197729  |  3560232702037,"€77.18
HT",In stock,https://images.easyrea.com/images/produits/197729/197729.jpg,"{'Circle of life': 'PERMANENT', 'Color': 'Beige', 'Assortment number': '0', 'Assortment details': 'PLACAGE FRENE', 'Product dimensions': 'L. 110 x P. 50 x H. 34,5 cm', 'Product Weight': '14.000 Kg', 'Material': 'MDF E1', 'Assembly': 'A monter soi-même', 'Packaging': 'MASTER BOITE KRAFT/STICKER IMPRIME T3 /HANGTAG LIVRET', 'Implantation': 'AU_SOL', 'Customs code': '9403601000', 'ECO MOB': '2.20 TTC', 'Gencod': '3560232702037'}","{'Plateform': 'Amiens', 'Packing (box/pack/pallet)': '1 / 1 / 22', 'Packing dimensions': '118.00 x 37.00 x 16.50 cm', 'Packing details dimensions': 'L.118.00 x l.37.00 x H.16.50 cm', 'Packing weight': '16.00 kg', 'Volume': '0.0720 m3'}","Description
Collection: Olme design","['https://images.easyrea.com/images/produits/197729/197729_0.jpg', 'https://images.easyrea.com/images/produits/197729/197729_1.jpg', 'https://images.easyrea.com/images/produits/197729/197729.jpg']"
ARDEN ROUND COFFEE TABLE,197730  |  3560232702051,"€93.72
HT",In stock,https://images.easyrea.com/images/produits/197730/197730.jpg,"{'Circle of life': 'PERMANENT', 'Color': 'Beige', 'Assortment number': '0', 'Assortment details': 'PLACAGE FRENE', 'Product dimensions': 'D. 82 x P. 40 cm', 'Product Weight': '11.000 Kg', 'Material': 'MDF E1/ASH', 'Assembly': 'A monter soi-même', 'Packaging': 'MASTER BOITE KRAFT/STICKER IMPRIME T3 /HANGTAG LIVRET', 'Implantation': 'AU_SOL', 'Customs code': '9403601000', 'ECO MOB': '2.20 TTC', 'Gencod': '3560232702051'}","{'Plateform': 'Amiens', 'Packing (box/pack/pallet)': '1 / 1 / 16', 'Packing dimensions': '87.00 x 86.00 x 10.00 cm', 'Packing details dimensions': 'L.87.00 x l.86.00 x H.10.00 cm', 'Packing weight': '13.00 kg', 'Volume': '0.0748 m3'}","Description
Collection: Olme design","['https://images.easyrea.com/images/produits/197730/197730_0.jpg', 'https://images.easyrea.com/images/produits/197730/197730_1.jpg', 'https://images.easyrea.com/images/produits/197730/197730.jpg']"
COLVA 2-DOOR COFFEE TABLE,184923  |  3560231550738,"€88.20
HT",In arrival,https://images.easyrea.com/images/produits/184923/184923.jpg,"{'Circle of life': 'PERMANENT', 'Color': 'Beige', 'Assortment number': '0', 'Assortment details': 'Placage Effet Bois', 'Product dimensions': 'L. 120 x P. 60 x H. 40,5 cm', 'Packing dimensions': 'Hauteur entre étagères : 22 cm', 'Product Weight': '24.180 Kg', 'Material': 'MDF E1', 'Assembly': 'A monter soi-même', 'Packaging': 'STICKER IMPRIME T3 /MASTER BOITE KRAFT', 'Implantation': 'AU_SOL', 'Customs code': '9403601000', 'ECO MOB': '2.20 TTC', 'Gencod': '3560231550738'}","{'Plateform': 'Amiens', 'Packing (box/pack/pallet)': '1 / 1 / 10', 'Packing dimensions': '128.20 x 67.20 x 13.80 cm', 'Packing details dimensions': 'L.128.20 x l.67.20 x H.13.80 cm', 'Packing weight': '25.00 kg', 'Volume': '0.1189 m3'}","Description
Collection: Fresh vibes","['https://images.easyrea.com/images/produits/184923/184923_0.jpg', 'https://images.easyrea.com/images/produits/184923/184923_1.jpg', 'https://images.easyrea.com/images/produits/184923/184923_2.jpg', 'https://images.easyrea.com/images/produits/184923/184923_3.jpg', 'https://images.easyrea.com/images/produits/184923/184923_4.jpg', 'https://images.easyrea.com/images/produits/184923/184923_5.jpg', 'https://images.easyrea.com/images/produits/184923/184923_6.jpg', 'https://images.easyrea.com/images/produits/184923/184923.jpg']"
COLVA COFFEE TABLE DIAM. 70 CM,197748  |  3560232710131,"€71.67
HT",In arrival,https://images.easyrea.com/images/produits/197748/197748.jpg,"{'Circle of life': 'PERMANENT', 'Color': 'Beige', 'Assortment number': '0', 'Assortment details': 'PLACAGE EFFET BOIS', 'Product dimensions': 'D. 70 x P. 40 cm', 'Product Weight': '14.120 Kg', 'Material': 'PART BDE1/MDF E1', 'Assembly': 'A monter soi-même', 'Packaging': 'MASTER BOITE KRAFT/STICKER IMPRIME T3 /HANGTAG LIVRET', 'Implantation': 'AU_SOL', 'Customs code': '9403601000', 'ECO MOB': '1.50 TTC', 'Gencod': '3560232710131'}","{'Plateform': 'Amiens', 'Packing (box/pack/pallet)': '1 / 1 / 25', 'Packing dimensions': '78.00 x 78.00 x 11.50 cm', 'Packing details dimensions': 'L.78.00 x l.78.00 x H.11.50 cm', 'Packing weight': '15.70 kg', 'Volume': '0.0700 m3'}",,"['https://images.easyrea.com/images/produits/197748/197748_0.jpg', 'https://images.easyrea.com/images/produits/197748/197748_1.jpg', 'https://images.easyrea.com/images/produits/197748/197748.jpg']"
SABOR COFFEE TABLE,185050  |  3560231638771,"€137.82
HT",In stock,https://images.easyrea.com/images/produits/185050/185050.jpg,"{'Circle of life': 'PERMANENT', 'Color': 'Beige', 'Assortment number': '0', 'Assortment details': 'ACACIA', 'Product dimensions': 'L. 120 x P. 60 x H. 40 cm', 'Product Weight': '12.000 Kg', 'Material': 'ACACIA', 'Assembly': 'A monter soi-même', 'Packaging': 'MASTER BOITE KRAFT/STICKER IMPRIME/HANGTAG', 'Implantation': 'AU_SOL', 'Customs code': '9403601000', 'ECO MOB': '1.50 TTC', 'Gencod': '3560231638771'}","{'Plateform': 'Amiens', 'Packing (box/pack/pallet)': '1 / 1 / 8', 'Packing dimensions': '129.00 x 68.00 x 16.00 cm', 'Packing details dimensions': 'L.129.00 x l.68.00 x H.16.00 cm', 'Packing weight': '18.00 kg', 'Volume': '0.1404 m3'}","Description
Collection: Exotic Panama
Nombre de couverts : /
Extensible : /
Pliable : /
Empilable : /
Nombre de tiroirs : /","['https://images.easyrea.com/images/produits/185050/185050_0.jpg', 'https://images.easyrea.com/images/produits/185050/185050_1.jpg', 'https://images.easyrea.com/images/produits/185050/185050.jpg']"
GYPSY COFFEE TABLE,166734  |  3560233812940,"€66.16
HT",In stock,https://images.easyrea.com/images/produits/166734/166734.jpg,"{'Circle of life': 'PERMANENT', 'Color': 'Marron', 'Assortment number': '1', 'Assortment details': 'MANGUIER', 'Product dimensions': 'D. 74 x H. 43,5 cm', 'Product Weight': '5.400 Kg', 'Material': 'MANGUIER', 'Packaging': 'ETIQUETTE CODEBARRE', 'Implantation': 'AU_SOL', 'Customs code': '9403601000', 'ECO MOB': '0.66 TTC', 'Gencod': '3560233812940'}","{'Plateform': 'Amiens', 'Packing (box/pack/pallet)': '2 / 1 / 8', 'Packing dimensions': '75.00 x 75.00 x 56.50 cm', 'Packing details dimensions': 'L.75.00 x l.75.00 x H.56.50 cm', 'Packing weight': '19.00 kg', 'Volume': '0.3178 m3'}","Description
Collection: Summer bloom","['https://images.easyrea.com/images/produits/166734/166734_0.jpg', 'https://images.easyrea.com/images/produits/166734/166734_1.jpg', 'https://images.easyrea.com/images/produits/166734/166734.jpg']"
HINA 2-DRAWER COFFEE TABLE,179093  |  3560237587042,"€82.69
HT",In stock,https://images.easyrea.com/images/produits/179093/179093.jpg,"{'Circle of life': 'PERMANENT', 'Color': 'Beige Lin', 'Assortment number': '0', 'Assortment details': 'BOIS BLANCHI + MOTIF EMBOSSE', 'Product dimensions': 'L. 110 x P. 60 x H. 45 cm', 'Packing dimensions': 'H. entre étagères : 16 cm', 'Product Weight': '14.500 Kg', 'Material': 'MDF E1', 'Assembly': 'A monter soi-même', 'Packaging': 'STICKER IMPRIME T3 /HANGTAG LIVRET/MASTER BOITE KRAFT', 'Implantation': 'AU_SOL', 'Customs code': '9403601000', 'ECO MOB': '1.50 TTC', 'Gencod': '3560237587042'}","{'Plateform': 'Amiens', 'Packing (box/pack/pallet)': '1 / 1 / 8', 'Packing dimensions': '116.00 x 66.50 x 27.00 cm', 'Packing details dimensions': 'L.116.00 x l.66.50 x H.27.00 cm', 'Packing weight': '17.10 kg', 'Volume': '0.2083 m3'}","Description
Nombre de tiroirs : 2 x L. 41,5 x P. 30 x H. 15cm","['https://images.easyrea.com/images/produits/179093/179093_0.jpg', 'https://images.easyrea.com/images/produits/179093/179093_1.jpg', 'https://images.easyrea.com/images/produits/179093/179093_2.jpg', 'https://images.easyrea.com/images/produits/179093/179093_3.jpg', 'https://images.easyrea.com/images/produits/179093/179093.jpg']"
JILING RECTANGULAR COFFEE TABLE,197763  |  3560232714634,"€110.26
HT",In stock,https://images.easyrea.com/images/produits/197763/197763.jpg,"{'Circle of life': 'PERMANENT', 'Color': 'Marron', 'Assortment number': '0', 'Assortment details': 'ACACIA', 'Product dimensions': 'L. 110 x P. 60 x H. 41 cm', 'Product Weight': '16.500 Kg', 'Material': 'ACACIA', 'Assembly': 'A monter soi-même', 'Packaging': 'MASTER BOITE KRAFT/STICKER IMPRIME T3', 'Implantation': 'AU_SOL', 'Customs code': '9403601000', 'ECO MOB': '1.50 TTC', 'Gencod': '3560232714634'}","{'Plateform': 'Amiens', 'Packing (box/pack/pallet)': '1 / 1 / 9', 'Packing dimensions': '119.38 x 66.68 x 19.05 cm', 'Packing details dimensions': 'L.119.38 x l.66.68 x H.19.05 cm', 'Packing weight': '21.70 kg', 'Volume': '0.1516 m3'}","Description
Collection: Jiling","['https://images.easyrea.com/images/produits/197763/197763_0.jpg', 'https://images.easyrea.com/images/produits/197763/197763_1.jpg', 'https://images.easyrea.com/images/produits/197763/197763.jpg']"
AJMAL COFFEE TABLE,140280  |  3560238928011,"€137.82
HT",In arrival,https://images.easyrea.com/images/produits/140280/140280.jpg,"{'Circle of life': 'PERMANENT', 'Color': 'Marron', 'Assortment number': '1', 'Assortment details': 'NATUREL', 'Product dimensions': 'L. 130 x P. 80 x H. 40 cm', 'Product Weight': '29.217 Kg', 'Material': 'MANGUIER', 'Assembly': 'A monter soi-même', 'Packaging': 'HANGTAG', 'Implantation': 'AU_SOL', 'Customs code': '9403601000', 'ECO MOB': '2.20 TTC', 'Gencod': '3560238928011'}","{'Plateform': 'Amiens', 'Packing (box/pack/pallet)': '1 / 1 / 4', 'Packing dimensions': '137.00 x 17.00 x 89.00 cm', 'Packing details dimensions': 'L.137.00 x l.17.00 x H.89.00 cm', 'Packing weight': '35.00 kg', 'Volume': '0.2073 m3'}","Description
Collection: Hacienda
Nombre de couverts : N/A
Extensible : N/A
Pliable : N/A
Empilable : NON","['https://images.easyrea.com/images/produits/140280/140280_0.jpg', 'https://images.easyrea.com/images/produits/140280/140280_1.jpg', 'https://images.easyrea.com/images/produits/140280/140280.jpg']"
AERIS COFFEE TABLE,185028  |  3560231638634,"€165.38
HT",In stock,https://images.easyrea.com/images/produits/185028/185028.jpg,"{'Circle of life': 'PERMANENT', 'Color': 'Beige', 'Assortment number': '0', 'Assortment details': 'ACACIA AVEC MARQUETERIE', 'Product dimensions': 'L. 130 x P. 70 x H. 40 cm', 'Product Weight': '23.500 Kg', 'Material': 'ACACIA/MDF E1', 'Assembly': 'A monter soi-même', 'Packaging': 'MASTER BOITE KRAFT/STICKER IMPRIME/HANGTAG', 'Implantation': 'AU_SOL', 'Customs code': '9403601000', 'ECO MOB': '2.20 TTC', 'Gencod': '3560231638634'}","{'Plateform': 'Amiens', 'Packing (box/pack/pallet)': '1 / 1 / 6', 'Packing dimensions': '139.00 x 78.00 x 19.00 cm', 'Packing details dimensions': 'L.139.00 x l.78.00 x H.19.00 cm', 'Packing weight': '29.00 kg', 'Volume': '0.2060 m3'}",,"['https://images.easyrea.com/images/produits/185028/185028_0.jpg', 'https://images.easyrea.com/images/produits/185028/185028_1.jpg', 'https://images.easyrea.com/images/produits/185028/185028.jpg']"
BANILA COFFEE TABLE,166631  |  3560238706800,"€165.38
HT",In stock,https://images.easyrea.com/images/produits/166631/166631.jpg,"{'Circle of life': 'PERMANENT', 'Color': 'Beige', 'Assortment number': '0', 'Assortment details': 'BOIS', 'Product dimensions': 'L. 120 x P. 70 x H. 40 cm', 'Packing dimensions': 'Hauteur étagère : 17,5 cm', 'Product Weight': '17.500 Kg', 'Material': 'ACACIA', 'Assembly': 'A monter soi-même', 'Packaging': 'STICKER IMPRIME T3 /MASTER BOITE KRAFT', 'Implantation': 'AU_SOL', 'Customs code': '9403601000', 'ECO MOB': '2.20 TTC', 'Gencod': '3560238706800'}","{'Plateform': 'Amiens', 'Packing (box/pack/pallet)': '1 / 1 / 6', 'Packing dimensions': '126.00 x 76.00 x 18.00 cm', 'Packing details dimensions': 'L.126.00 x l.76.00 x H.18.00 cm', 'Packing weight': '27.00 kg', 'Volume': '0.1724 m3'}",,"['https://images.easyrea.com/images/produits/166631/166631_0.jpg', 'https://images.easyrea.com/images/produits/166631/166631_1.jpg', 'https://images.easyrea.com/images/produits/166631/166631.jpg']"
AJAY 2-DRAWER COFFEE TABLE,179099  |  3560237587110,"€220.50
HT",In stock,https://images.easyrea.com/images/produits/179099/179099.jpg,"{'Circle of life': 'PERMANENT', 'Color': 'Blanc', 'Assortment number': '0', 'Assortment details': 'BOIS BLANCHI + MOTIF SCULPTE', 'Product dimensions': 'L. 90 x P. 90 x H. 44 cm', 'Product Weight': '35.000 Kg', 'Material': 'MANGO', 'Assembly': 'A monter soi-même', 'Packaging': 'HANGTAG LIVRET', 'Implantation': 'AU_SOL', 'Customs code': '9403601000', 'ECO MOB': '3.14 TTC', 'Gencod': '3560237587110'}","{'Plateform': 'Amiens', 'Packing (box/pack/pallet)': '1 / 1 / 4', 'Packing dimensions': '99.00 x 99.00 x 40.00 cm', 'Packing details dimensions': 'L.99.00 x l.99.00 x H.40.00 cm', 'Packing weight': '37.20 kg', 'Volume': '0.3920 m3'}","Description
Collection: Tropiques australes
Nombre de tiroirs : 2 x L. 34 x l. 17 x H. 32 cm","['https://images.easyrea.com/images/produits/179099/179099_0.jpg', 'https://images.easyrea.com/images/produits/179099/179099_1.jpg', 'https://images.easyrea.com/images/produits/179099/179099_2.jpg', 'https://images.easyrea.com/images/produits/179099/179099_3.jpg', 'https://images.easyrea.com/images/produits/179099/179099_4.jpg', 'https://images.easyrea.com/images/produits/179099/179099_5.jpg', 'https://images.easyrea.com/images/produits/179099/179099_6.jpg', 'https://images.easyrea.com/images/produits/179099/179099_7.jpg', 'https://images.easyrea.com/images/produits/179099/179099.jpg']"
CHRYSA COFFEE TABLE BLACK,179070  |  3560237587936,"€55.13
HT",In stock,https://images.easyrea.com/images/produits/179070/179070.jpg,"{'Circle of life': 'PERMANENT', 'Color': 'Noir', 'Assortment number': '0', 'Assortment details': 'NOIR', 'Product dimensions': 'L. 110 x P. 60 x H. 45 cm', 'Product Weight': '8.200 Kg', 'Material': 'PINE/MDF E1', 'Assembly': 'A monter soi-même', 'Packaging': 'STICKER IMPRIME T3 /HANGTAG LIVRET/MASTER BOITE KRAFT', 'Implantation': 'AU_SOL', 'Customs code': '9403601000', 'ECO MOB': '0.66 TTC', 'Gencod': '3560237587936'}","{'Plateform': 'Amiens', 'Packing (box/pack/pallet)': '1 / 1 / 13', 'Packing dimensions': '116.00 x 16.00 x 66.00 cm', 'Packing details dimensions': 'L.116.00 x l.16.00 x H.66.00 cm', 'Packing weight': '10.70 kg', 'Volume': '0.1225 m3'}","Description
Collection: Midnight garden","['https://images.easyrea.com/images/produits/179070/179070_0.jpg', 'https://images.easyrea.com/images/produits/179070/179070_1.jpg', 'https://images.easyrea.com/images/produits/179070/179070.jpg']"
SOLEN 4-DRAWER COFFEE TABLE,179073  |  3560237587967,"€82.69
HT",In stock,https://images.easyrea.com/images/produits/179073/179073.jpg,"{'Circle of life': 'PERMANENT', 'Color': 'Blanc', 'Assortment number': '1', 'Assortment details': 'BLANC', 'Product dimensions': 'L. 110 x P. 60 x H. 47 cm', 'Packing dimensions': '1 étagère H. 16 cm', 'Product Weight': '32.500 Kg', 'Material': 'MDF_E1/PANNEAU_PARTICULES/PIN', 'Assembly': 'A monter soi-même', 'Packaging': 'HANGTAG/STICKER IMPRIME T3 /MASTER BOITE KRAFT', 'Implantation': 'AU_SOL', 'Customs code': '9403601000', 'ECO MOB': '3.14 TTC', 'Gencod': '3560237587967'}","{'Plateform': 'Amiens', 'Packing (box/pack/pallet)': '1 / 1 / 11', 'Packing dimensions': '119.00 x 68.00 x 17.00 cm', 'Packing details dimensions': 'L.119.00 x l.68.00 x H.17.00 cm', 'Packing weight': '35.50 kg', 'Volume': '0.1376 m3'}","Description
Collection: Carmen
Nombre de tiroirs : 4 (L. 43,5 x P. 23,6 x H. 8 cm)","['https://images.easyrea.com/images/produits/179073/179073_0.jpg', 'https://images.easyrea.com/images/produits/179073/179073_1.jpg', 'https://images.easyrea.com/images/produits/179073/179073_2.jpg', 'https://images.easyrea.com/images/produits/179073/179073.jpg']"
DAMIAN 4-DRAWER COFFEE TABLE GREY,157210  |  3560238652466,"€88.20
HT",In stock,https://images.easyrea.com/images/produits/157210/157210.jpg,"{'Circle of life': 'PERMANENT', 'Color': 'Gris Foncé', 'Assortment number': '0', 'Assortment details': 'GRIS F PLATEAU BOIS', 'Product dimensions': 'L. 110 x P. 60 x H. 45 cm', 'Packing dimensions': 'Hauteur entre 2 niveaux : 18.5 cm', 'Product Weight': '15.700 Kg', 'Material': 'MDF E1', 'Assembly': 'A monter soi-même', 'Packaging': 'STICKER IMPRIME T3 /HANGTAG LIVRET/MASTER BOITE KRAFT', 'Implantation': 'AU_SOL', 'Customs code': '9403601000', 'ECO MOB': '1.50 TTC', 'Gencod': '3560238652466'}","{'Plateform': 'Amiens', 'Packing (box/pack/pallet)': '1 / 1 / 8', 'Packing dimensions': '116.00 x 65.50 x 24.00 cm', 'Packing details dimensions': 'L.116.00 x l.65.50 x H.24.00 cm', 'Packing weight': '18.50 kg', 'Volume': '0.1824 m3'}","Description
Collection: Notes bleues
Nombre de tiroirs : 2","['https://images.easyrea.com/images/produits/157210/157210_0.jpg', 'https://images.easyrea.com/images/produits/157210/157210_1.jpg', 'https://images.easyrea.com/images/produits/157210/157210_2.jpg', 'https://images.easyrea.com/images/produits/157210/157210.jpg']"
OLBIA COFFEE TABLE,197719  |  3560232688218,"€165.38
HT",In stock,https://images.easyrea.com/images/produits/197719/197719.jpg,"{'Circle of life': 'PERMANENT', 'Color': 'Blanc', 'Assortment number': '0', 'Assortment details': 'ACACIA / BLANC', 'Product dimensions': 'L. 120 x P. 70 x H. 44,5 cm', 'Product Weight': '22.000 Kg', 'Material': 'MDF E1/ACACIA', 'Assembly': 'A monter soi-même', 'Packaging': 'MASTER BOITE KRAFT/STICKER IMPRIME T3 /HANGTAG LIVRET', 'Implantation': 'AU_SOL', 'Customs code': '9403601000', 'ECO MOB': '3.14 TTC', 'Gencod': '3560232688218'}","{'Plateform': 'Amiens', 'Packing (box/pack/pallet)': '1 / 1 / 4', 'Packing dimensions': '130.00 x 79.00 x 24.00 cm', 'Packing details dimensions': 'L.130.00 x l.79.00 x H.24.00 cm', 'Packing weight': '28.00 kg', 'Volume': '0.2465 m3'}",,"['https://images.easyrea.com/images/produits/197719/197719_0.jpg', 'https://images.easyrea.com/images/produits/197719/197719_1.jpg', 'https://images.easyrea.com/images/produits/197719/197719.jpg']"
EDÉNA COFFEE TABLE,102411  |  3560238514849,"€71.67
HT",In stock,https://images.easyrea.com/images/produits/102411/102411.jpg,"{'Circle of life': 'PERMANENT', 'Color': 'Marron', 'Assortment number': '0', 'Assortment details': '1 ASST TABLE BASSE EDENA', 'Product dimensions': 'L. 115 x P. 65 x H. 32,5 cm', 'Product Weight': '10.600 Kg', 'Material': 'IRON/ACACIA', 'Assembly': 'A monter soi-même', 'Packaging': 'MASTER BOITE KRAFT/STICKER IMPRIME', 'Implantation': 'AU_SOL', 'Customs code': '9403208000', 'ECO MOB': '1.50 TTC', 'Gencod': '3560238514849'}","{'Plateform': 'Amiens', 'Packing (box/pack/pallet)': '1 / 1 / 22', 'Packing dimensions': '120.00 x 70.00 x 10.00 cm', 'Packing details dimensions': 'L.120.00 x l.70.00 x H.10.00 cm', 'Packing weight': '16.50 kg', 'Volume': '0.0840 m3'}",,"['https://images.easyrea.com/images/produits/102411/102411_0.jpg', 'https://images.easyrea.com/images/produits/102411/102411.jpg', 'https://easyrea.com/assets/img/empty.svg']"
SIMON 2-DRAWER COFFEE TABLE,179087  |  3560237588414,"€82.69
HT",In stock,https://images.easyrea.com/images/produits/179087/179087.jpg,"{'Circle of life': 'PERMANENT', 'Color': 'Beige', 'Assortment number': '1', 'Assortment details': 'PLACAGE FRENE', 'Product dimensions': 'L. 100 x P. 60 x H. 44,5 cm', 'Packing dimensions': 'H. entre étagère : 17 cm', 'Product Weight': '29.850 Kg', 'Material': 'MDF_E1/CONTRE_PLAQUE/FRENE/FER', 'Assembly': 'A monter soi-même', 'Packaging': 'HANGTAG/STICKER IMPRIME T3 /MASTER BOITE KRAFT', 'Implantation': 'AU_SOL', 'Customs code': '9403208000', 'ECO MOB': '2.20 TTC', 'Gencod': '3560237588414'}","{'Plateform': 'Amiens', 'Packing (box/pack/pallet)': '1 / 1 / 12', 'Packing dimensions': '114.90 x 67.70 x 13.00 cm', 'Packing details dimensions': 'L.114.90 x l.67.70 x H.13.00 cm', 'Packing weight': '32.80 kg', 'Volume': '0.1011 m3'}","Description
Collection: So cosy
Nombre de tiroirs : 2 x L. 43 x P. 29 x H. 8 cm","['https://images.easyrea.com/images/produits/179087/179087_0.jpg', 'https://images.easyrea.com/images/produits/179087/179087_1.jpg', 'https://images.easyrea.com/images/produits/179087/179087_2.jpg', 'https://images.easyrea.com/images/produits/179087/179087.jpg']"
CIERNA COFFEE TABLE,166687  |  3560233811813,"€93.72
HT",In stock,https://images.easyrea.com/images/produits/166687/166687.jpg,"{'Circle of life': 'PERMANENT', 'Color': 'Noir', 'Assortment number': '1', 'Assortment details': 'METAL NOIR', 'Product dimensions': 'L. 110 x P. 60 x H. 45 cm', 'Packing dimensions': '1 étagère H. 18.5 cm', 'Product Weight': '14.100 Kg', 'Material': 'FER/SAPIN', 'Assembly': 'A monter soi-même', 'Packaging': 'HANGTAG LIVRET/STICKER IMPRIME T3 /MASTER BOITE KRAFT', 'Implantation': 'SUR_ETAGERE', 'Customs code': '9403208000', 'ECO MOB': '1.50 TTC', 'Gencod': '3560233811813'}","{'Plateform': 'Amiens', 'Packing (box/pack/pallet)': '1 / 1 / 6', 'Packing dimensions': '115.50 x 32.50 x 66.00 cm', 'Packing details dimensions': 'L.115.50 x l.32.50 x H.66.00 cm', 'Packing weight': '16.40 kg', 'Volume': '0.2477 m3'}","Description
Collection: Wild forest","['https://images.easyrea.com/images/produits/166687/166687_0.jpg', 'https://images.easyrea.com/images/produits/166687/166687_1.jpg', 'https://images.easyrea.com/images/produits/166687/166687_2.jpg', 'https://images.easyrea.com/images/produits/166687/166687_3.jpg', 'https://images.easyrea.com/images/produits/166687/166687_4.jpg', 'https://images.easyrea.com/images/produits/166687/166687.jpg']"
SEVIN COFFEE TABLE WITH 4 FLAP DRAWERS,179056  |  3560237587233,"€110.26
HT",In stock,https://images.easyrea.com/images/produits/179056/179056.jpg,"{'Circle of life': 'PERMANENT', 'Color': 'Gris', 'Assortment number': '1', 'Assortment details': 'METAL GRIS', 'Product dimensions': 'L. 110 x P. 60 x H. 47 cm', 'Packing dimensions': '1 étagère H.15 cm', 'Product Weight': '21.900 Kg', 'Material': 'FER', 'Assembly': 'A monter soi-même', 'Packaging': 'HANGTAG', 'Implantation': 'AU_SOL', 'Customs code': '9403208000', 'ECO MOB': '2.20 TTC', 'Gencod': '3560237587233'}","{'Plateform': 'Amiens', 'Packing (box/pack/pallet)': '1 / 1 / 6', 'Packing dimensions': '117.00 x 27.00 x 66.00 cm', 'Packing details dimensions': 'L.117.00 x l.27.00 x H.66.00 cm', 'Packing weight': '25.00 kg', 'Volume': '0.2085 m3'}","Description
Nombre de tiroirs : 4 tiroirs clapet","['https://images.easyrea.com/images/produits/179056/179056_0.jpg', 'https://images.easyrea.com/images/produits/179056/179056_1.jpg', 'https://images.easyrea.com/images/produits/179056/179056_2.jpg', 'https://images.easyrea.com/images/produits/179056/179056.jpg']"
SILAS COFFEE TABLE,157175  |  3560238339503,"€137.82
HT",In stock,https://images.easyrea.com/images/produits/157175/157175.jpg,"{'Circle of life': 'PERMANENT', 'Color': 'Beige', 'Assortment number': '0', 'Assortment details': 'NATUREL / NOIR', 'Product dimensions': 'L. 118 x P. 71 x H. 34 cm', 'Product Weight': '28.150 Kg', 'Material': 'IRON/MANGO', 'Assembly': 'A monter soi-même', 'Packaging': 'STICKER IMPRIME T3 /HANGTAG LIVRET/MASTER BOITE KRAFT', 'Implantation': 'SUR_ETAGERE', 'Customs code': '9403601000', 'ECO MOB': '2.20 TTC', 'Gencod': '3560238339503'}","{'Plateform': 'Amiens', 'Packing (box/pack/pallet)': '1 / 1 / 15', 'Packing dimensions': '112.00 x 75.00 x 12.50 cm', 'Packing details dimensions': 'L.112.00 x l.75.00 x H.12.50 cm', 'Packing weight': '31.00 kg', 'Volume': '0.1050 m3'}","Description
Collection: Botanic factory
Nombre de couverts : NA
Extensible : NA
Pliable : NA
Empilable : NA","['https://images.easyrea.com/images/produits/157175/157175_0.jpg', 'https://images.easyrea.com/images/produits/157175/157175_1.jpg', 'https://images.easyrea.com/images/produits/157175/157175.jpg']"
KEMI ROUND COFFEE TABLE WALNUT,197756A  |  3560232710414,"€30.32
HT",In stock,https://images.easyrea.com/images/produits/197756A/197756A.jpg,"{'Circle of life': 'PERMANENT', 'Color': 'Marron', 'Assortment number': '0', 'Assortment details': 'METAL NOIR / PLATEAU NOYER', 'Product dimensions': 'D. 63,2 x P. 52 cm', 'Product Weight': '6.400 Kg', 'Material': 'MDF E1', 'Assembly': 'A monter soi-même', 'Packaging': 'MASTER BOITE KRAFT/STICKER IMPRIME T3 /HANGTAG LIVRET', 'Implantation': 'AU_SOL', 'Customs code': '9403208000', 'ECO MOB': '0.66 TTC', 'Gencod': '3560232710414'}","{'Plateform': 'Amiens', 'Packing (box/pack/pallet)': '1 / 1 / 31', 'Packing dimensions': '68.00 x 66.00 x 9.50 cm', 'Packing details dimensions': 'L.68.00 x l.66.00 x H.9.50 cm', 'Packing weight': '8.70 kg', 'Volume': '0.0426 m3'}",,"['https://images.easyrea.com/images/produits/197756A/197756A_0.jpg', 'https://images.easyrea.com/images/produits/197756A/197756A_1.jpg', 'https://images.easyrea.com/images/produits/197756A/197756A.jpg']"
KEMI ROUND COFFEE TABLE BLACK,197756B  |  3560232710438,"€30.32
HT",In stock,https://images.easyrea.com/images/produits/197756B/197756B.jpg,"{'Circle of life': 'PERMANENT', 'Color': 'Noir', 'Assortment number': '0', 'Assortment details': 'METAL NOIR / PLATEAU NOIR', 'Product dimensions': 'D. 63,2 x P. 52 cm', 'Product Weight': '6.400 Kg', 'Material': 'MDF E1', 'Assembly': 'A monter soi-même', 'Packaging': 'MASTER BOITE KRAFT/STICKER IMPRIME T3 /HANGTAG LIVRET', 'Implantation': 'AU_SOL', 'Customs code': '9403208000', 'ECO MOB': '0.66 TTC', 'Gencod': '3560232710438'}","{'Plateform': 'Amiens', 'Packing (box/pack/pallet)': '1 / 1 / 31', 'Packing dimensions': '68.00 x 66.00 x 9.50 cm', 'Packing details dimensions': 'L.68.00 x l.66.00 x H.9.50 cm', 'Packing weight': '8.70 kg', 'Volume': '0.0426 m3'}",,"['https://images.easyrea.com/images/produits/197756B/197756B_0.jpg', 'https://images.easyrea.com/images/produits/197756B/197756B_1.jpg', 'https://images.easyrea.com/images/produits/197756B/197756B.jpg']"
KEMI 2-TIER COFFEE TABLE WALNUT,197757A  |  3560232710452,"€33.08
HT",In stock,https://images.easyrea.com/images/produits/197757A/197757A.jpg,"{'Circle of life': 'PERMANENT', 'Color': 'Marron', 'Assortment number': '0', 'Assortment details': 'METAL NOIR / PLATEAU NOYER', 'Product dimensions': 'L. 118 x P. 43,2 x H. 48 cm', 'Product Weight': '6.400 Kg', 'Material': 'MDF E1/IRON', 'Assembly': 'A monter soi-même', 'Packaging': 'MASTER BOITE KRAFT/STICKER IMPRIME T3 /HANGTAG LIVRET', 'Implantation': 'AU_SOL', 'Customs code': '9403208000', 'ECO MOB': '0.66 TTC', 'Gencod': '3560232710452'}","{'Plateform': 'Amiens', 'Packing (box/pack/pallet)': '1 / 1 / 30', 'Packing dimensions': '108.00 x 50.00 x 8.00 cm', 'Packing details dimensions': 'L.108.00 x l.50.00 x H.8.00 cm', 'Packing weight': '8.80 kg', 'Volume': '0.0432 m3'}",,"['https://images.easyrea.com/images/produits/197757A/197757A_0.jpg', 'https://images.easyrea.com/images/produits/197757A/197757A_1.jpg', 'https://images.easyrea.com/images/produits/197757A/197757A.jpg']"
KEMI 2-TIER COFFEE TABLE BLACK,197757B  |  3560232710476,"€33.08
HT",In stock,https://images.easyrea.com/images/produits/197757B/197757B.jpg,"{'Circle of life': 'PERMANENT', 'Color': 'Noir', 'Assortment number': '0', 'Assortment details': 'METAL NOIR / PLATEAU NOIR', 'Product dimensions': 'L. 118 x P. 43,2 x H. 48 cm', 'Product Weight': '6.400 Kg', 'Material': 'MDF E1/IRON', 'Assembly': 'A monter soi-même', 'Packaging': 'MASTER BOITE KRAFT/STICKER IMPRIME T3 /HANGTAG LIVRET', 'Implantation': 'AU_SOL', 'Customs code': '9403208000', 'ECO MOB': '0.66 TTC', 'Gencod': '3560232710476'}","{'Plateform': 'Amiens', 'Packing (box/pack/pallet)': '1 / 1 / 30', 'Packing dimensions': '108.00 x 50.00 x 8.00 cm', 'Packing details dimensions': 'L.108.00 x l.50.00 x H.8.00 cm', 'Packing weight': '8.80 kg', 'Volume': '0.0432 m3'}",,"['https://images.easyrea.com/images/produits/197757B/197757B_0.jpg', 'https://images.easyrea.com/images/produits/197757B/197757B_1.jpg', 'https://images.easyrea.com/images/produits/197757B/197757B.jpg']"
SLANO ROUND COFFEE TABLE,197777  |  3560232718052,"€66.16
HT",In arrival,https://images.easyrea.com/images/produits/197777/197777.jpg,"{'Circle of life': 'PERMANENT', 'Color': 'Beige', 'Assortment number': '0', 'Assortment details': 'PIED METAL / PLATEAU EFFET BOIS', 'Product dimensions': 'D. 90 x H. 42,5 cm', 'Product Weight': '17.500 Kg', 'Material': 'MDF E1', 'Assembly': 'A monter soi-même', 'Packaging': 'MASTER BOITE KRAFT/STICKER IMPRIME T3 /HANGTAG LIVRET', 'Implantation': 'AU_SOL', 'Customs code': '9403208000', 'ECO MOB': '1.50 TTC', 'Gencod': '3560232718052'}","{'Plateform': 'Amiens', 'Packing (box/pack/pallet)': '1 / 1 / 7', 'Packing dimensions': '101.00 x 100.00 x 10.00 cm', 'Packing details dimensions': 'L.101.00 x l.100.00 x H.10.00 cm', 'Packing weight': '20.50 kg', 'Volume': '0.1010 m3'}",,"['https://images.easyrea.com/images/produits/197777/197777_0.jpg', 'https://images.easyrea.com/images/produits/197777/197777_1.jpg', 'https://images.easyrea.com/images/produits/197777/197777.jpg']"
TEDY 2-DRAWER COFFEE TABLE,185052  |  3560231638238,"€71.67
HT",In stock,https://images.easyrea.com/images/produits/185052/185052.jpg,"{'Circle of life': 'PERMANENT', 'Color': 'Noir', 'Assortment number': '0', 'Assortment details': 'NOIR', 'Product dimensions': 'L. 110 x P. 60 x H. 48 cm', 'Packing dimensions': 'Hauteur entre étagères : 16 cm', 'Product Weight': '30.750 Kg', 'Material': 'MDF E1/IRON/PART BDE1', 'Assembly': 'A monter soi-même', 'Packaging': 'MASTER BOITE KRAFT/STICKER IMPRIME/HANGTAG', 'Implantation': 'AU_SOL', 'Customs code': '9403601000', 'ECO MOB': '3.14 TTC', 'Gencod': '3560231638238'}","{'Plateform': 'Amiens', 'Packing (box/pack/pallet)': '1 / 1 / 12', 'Packing dimensions': '118.50 x 66.50 x 15.00 cm', 'Packing details dimensions': 'L.118.50 x l.66.50 x H.15.00 cm', 'Packing weight': '33.00 kg', 'Volume': '0.1182 m3'}","Description
Collection: Sublima
Nombre de tiroirs : 2 x L. 52,7 x P. 23,5 x H. 8 cm","['https://images.easyrea.com/images/produits/185052/185052_0.jpg', 'https://images.easyrea.com/images/produits/185052/185052_1.jpg', 'https://images.easyrea.com/images/produits/185052/185052_2.jpg', 'https://images.easyrea.com/images/produits/185052/185052.jpg']"
KUSHI COFFEE TABLE,166638  |  3560238704912,"€148.84
HT",In stock,https://images.easyrea.com/images/produits/166638/166638.jpg,"{'Circle of life': 'PERMANENT', 'Color': 'Noir', 'Assortment number': '0', 'Assortment details': 'VERRE NOIR / MET NOIR', 'Product dimensions': 'D. 90 x H. 37,3 cm', 'Product Weight': '17.500 Kg', 'Material': 'TEMP GLAS/IRON', 'Assembly': 'A monter soi-même', 'Packaging': 'HANGTAG LIVRET/STICKER IMPRIME T3 /MASTER BOITE KRAFT', 'Implantation': 'AU_SOL', 'Customs code': '9403208000', 'ECO MOB': '1.50 TTC', 'Gencod': '3560238704912'}","{'Plateform': 'Amiens', 'Packing (box/pack/pallet)': '1 / 1 / 3', 'Packing dimensions': '98.00 x 98.00 x 50.50 cm', 'Packing details dimensions': 'L.98.00 x l.98.00 x H.50.50 cm', 'Packing weight': '24.00 kg', 'Volume': '0.4850 m3'}","Description
Collection: Slow time…
Nombre de couverts : N/A
Extensible : N/A
Pliable : N/A
Empilable : N/A
Nombre de tiroirs : N/A","['https://images.easyrea.com/images/produits/166638/166638_0.jpg', 'https://images.easyrea.com/images/produits/166638/166638.jpg', 'https://easyrea.com/assets/img/empty.svg']"
INÈS COFFEE TABLE METAL,131273  |  3560239271147,"€30.32
HT",In stock,https://images.easyrea.com/images/produits/131273/131273.jpg,"{'Circle of life': 'PERMANENT', 'Color': 'Gris', 'Assortment number': '0', 'Product dimensions': 'D. 65 x H. 39,5 cm', 'Product Weight': '2.900 Kg', 'Material': 'METAL', 'Assembly': 'A monter soi-même', 'Packaging': 'HANGTAG LIVRET/STICKER IMPRIME T3 /MASTER BOITE KRAFT', 'Implantation': 'AU_SOL', 'Customs code': '9403208000', 'ECO MOB': '0.26 TTC', 'Gencod': '3560239271147'}","{'Plateform': 'Amiens', 'Packing (box/pack/pallet)': '1 / 1 / 34', 'Packing dimensions': '67.00 x 8.50 x 68.50 cm', 'Packing details dimensions': 'L.67.00 x l.8.50 x H.68.50 cm', 'Packing weight': '4.00 kg', 'Volume': '0.0390 m3'}",,"['https://images.easyrea.com/images/produits/131273/131273_0.jpg', 'https://images.easyrea.com/images/produits/131273/131273_1.jpg', 'https://images.easyrea.com/images/produits/131273/131273.jpg']"
GOTA COFFEE TABLE,185060  |  3560231638917,"€55.13
HT",In arrival,https://images.easyrea.com/images/produits/185060/185060.jpg,"{'Circle of life': 'PERMANENT', 'Color': 'Noir', 'Assortment number': '0', 'Assortment details': 'NOIR', 'Product dimensions': 'L. 100 x P. 100 x H. 36 cm', 'Product Weight': '10.000 Kg', 'Material': 'STEEL', 'Assembly': 'A monter soi-même', 'Packaging': 'MASTER BOITE KRAFT/STICKER IMPRIME/HANGTAG', 'Implantation': 'AU_SOL', 'Customs code': '9403208000', 'ECO MOB': '0.66 TTC', 'Gencod': '3560231638917'}","{'Plateform': 'Amiens', 'Packing (box/pack/pallet)': '1 / 1 / 7', 'Packing dimensions': '110.00 x 110.00 x 9.00 cm', 'Packing details dimensions': 'L.110.00 x l.110.00 x H.9.00 cm', 'Packing weight': '11.70 kg', 'Volume': '0.1089 m3'}",,"['https://images.easyrea.com/images/produits/185060/185060_0.jpg', 'https://images.easyrea.com/images/produits/185060/185060_1.jpg', 'https://images.easyrea.com/images/produits/185060/185060.jpg']"
ALDIR COFFEE TABLE METAL AND GLASS,194647  |  3560232605567,"€44.10
HT",In stock,https://images.easyrea.com/images/produits/194647/194647.jpg,"{'Circle of life': 'PERMANENT', 'Color': 'Noir', 'Assortment number': '0', 'Assortment details': 'VERRE TREMPE / METAL NOIR', 'Product dimensions': 'L. 90 x P. 60 x H. 45 cm', 'Packing dimensions': 'Hauteur étagère : 24 cm', 'Product Weight': '10.000 Kg', 'Material': 'STEEL/TEMP GLAS', 'Assembly': 'A monter soi-même', 'Packaging': 'MASTER BOITE KRAFT/STICKER IMPRIME T3 /HANGTAG LIVRET', 'Implantation': 'AU_SOL', 'Customs code': '9403208000', 'ECO MOB': '1.50 TTC', 'Gencod': '3560232605567'}","{'Plateform': 'Amiens', 'Packing (box/pack/pallet)': '1 / 1 / 15', 'Packing dimensions': '100.00 x 70.00 x 14.00 cm', 'Packing details dimensions': 'L.100.00 x l.70.00 x H.14.00 cm', 'Packing weight': '11.80 kg', 'Volume': '0.0980 m3'}","Description
Extensible : Non","['https://images.easyrea.com/images/produits/194647/194647_0.jpg', 'https://images.easyrea.com/images/produits/194647/194647.jpg', 'https://easyrea.com/assets/img/empty.svg']"
HAJA COFFEE TABLE IVORY METAL,197760B  |  3560232710612,"€66.16
HT",In stock,https://images.easyrea.com/images/produits/197760B/197760B.jpg,"{'Circle of life': 'PERMANENT', 'Color': 'Blanc', 'Assortment number': '0', 'Assortment details': 'METAL IVOIRE', 'Product dimensions': 'L. 100 x P. 50 x H. 45 cm', 'Product Weight': '13.000 Kg', 'Material': 'STEEL', 'Assembly': 'A monter soi-même', 'Packaging': 'MASTER BOITE KRAFT/STICKER IMPRIME T3 /HANGTAG LIVRET', 'Implantation': 'AU_SOL', 'Customs code': '9403208000', 'ECO MOB': '1.50 TTC', 'Gencod': '3560232710612'}","{'Plateform': 'Amiens', 'Packing (box/pack/pallet)': '1 / 1 / 26', 'Packing dimensions': '111.50 x 58.00 x 9.00 cm', 'Packing details dimensions': 'L.111.50 x l.58.00 x H.9.00 cm', 'Packing weight': '13.00 kg', 'Volume': '0.0582 m3'}",,"['https://images.easyrea.com/images/produits/197760B/197760B_0.jpg', 'https://images.easyrea.com/images/produits/197760B/197760B_1.jpg', 'https://images.easyrea.com/images/produits/197760B/197760B.jpg']"
BARIS CHRONO COFFEE TABLE,157157  |  3560238338087,"€110.26
HT",In stock,https://images.easyrea.com/images/produits/157157/157157.jpg,"{'Circle of life': 'PERMANENT', 'Color': 'Noir', 'Assortment number': '0', 'Assortment details': 'BOIS', 'Product dimensions': 'D. 95 x H. 47 cm', 'Product Weight': '24.030 Kg', 'Material': 'TEMP GLAS/METAL/STEEL', 'Assembly': 'A monter soi-même', 'Battery': 'Fonctionne à pile, Horloge 1 x LR6 - AA - 1,5V non incluses', 'Packaging': 'HANGTAG', 'Implantation': 'AU_SOL', 'Customs code': '9403208000', 'ECO MOB': '2.20 TTC', 'Gencod': '3560238338087'}","{'Plateform': 'Amiens', 'Packing (box/pack/pallet)': '1 / 1 / 5', 'Packing dimensions': '98.50 x 15.00 x 98.00 cm', 'Packing details dimensions': 'L.98.50 x l.15.00 x H.98.00 cm', 'Packing weight': '27.00 kg', 'Volume': '0.1448 m3'}","Description
Nombre de couverts : /
Extensible : /
Pliable : /
Empilable : /","['https://images.easyrea.com/images/produits/157157/157157_0.jpg', 'https://images.easyrea.com/images/produits/157157/157157_1.jpg', 'https://images.easyrea.com/images/produits/157157/157157.jpg']"
ARTIFICE COFFEE TABLE GOLD,179156  |  3560237595399,"€82.69
HT",In arrival,https://images.easyrea.com/images/produits/179156/179156.jpg,"{'Circle of life': 'PERMANENT', 'Color': 'Or', 'Assortment number': '0', 'Assortment details': 'DORE', 'Product dimensions': 'D. 71 x H. 41 cm', 'Product Weight': '10.500 Kg', 'Material': 'STEEL/GLASS', 'Packaging': 'HANGTAG LIVRET', 'Implantation': 'SUR_ETAGERE', 'Customs code': '9403208000', 'ECO MOB': '1.50 TTC', 'Gencod': '3560237595399'}","{'Plateform': 'Amiens', 'Packing (box/pack/pallet)': '1 / 1 / 4', 'Packing dimensions': '78.00 x 54.00 x 79.00 cm', 'Packing details dimensions': 'L.78.00 x l.54.00 x H.79.00 cm', 'Packing weight': '14.00 kg', 'Volume': '0.3327 m3'}",,"['https://images.easyrea.com/images/produits/179156/179156_0.jpg', 'https://images.easyrea.com/images/produits/179156/179156.jpg', 'https://easyrea.com/assets/img/empty.svg']"
SIWAN COFFEE TABLE,179018  |  3560237556352,"€93.72
HT",In stock,https://images.easyrea.com/images/produits/179018/179018.jpg,"{'Circle of life': 'PERMANENT', 'Color': 'Marron', 'Assortment number': '1', 'Assortment details': 'MANGUIER', 'Product dimensions': 'D. 70 x H. 36 cm', 'Product Weight': '5.450 Kg', 'Material': 'MANGUIER/FER', 'Assembly': 'A monter soi-même', 'Packaging': 'HANGTAG/STICKER IMPRIME T3 /MASTER BOITE KRAFT', 'Implantation': 'AU_SOL', 'Customs code': '9403601000', 'ECO MOB': '0.66 TTC', 'Gencod': '3560237556352'}","{'Plateform': 'Amiens', 'Packing (box/pack/pallet)': '1 / 1 / 19', 'Packing dimensions': '77.50 x 15.50 x 77.00 cm', 'Packing details dimensions': 'L.77.50 x l.15.50 x H.77.00 cm', 'Packing weight': '9.10 kg', 'Volume': '0.0925 m3'}","Description
Collection: Vintage vibes","['https://images.easyrea.com/images/produits/179018/179018_0.jpg', 'https://images.easyrea.com/images/produits/179018/179018.jpg', 'https://easyrea.com/assets/img/empty.svg']"
YOHO COFFEE TABLE,166739  |  3560233812872,"€165.38
HT",In stock,https://images.easyrea.com/images/produits/166739/166739.jpg,"{'Circle of life': 'PERMANENT', 'Color': 'Noir', 'Assortment number': '0', 'Assortment details': 'TOP VERRE / BAS METAL', 'Product dimensions': 'D. 90 x H. 40 cm', 'Packing dimensions': 'H. étagère : 18 cm', 'Product Weight': '31.000 Kg', 'Material': 'STEEL/GLASS', 'Packaging': 'HANGTAG LIVRET', 'Implantation': 'AU_SOL', 'Customs code': '9403208000', 'ECO MOB': '3.14 TTC', 'Gencod': '3560233812872'}","{'Plateform': 'Amiens', 'Packing (box/pack/pallet)': '1 / 1 / 4', 'Packing dimensions': '99.00 x 99.00 x 48.00 cm', 'Packing details dimensions': 'L.99.00 x l.99.00 x H.48.00 cm', 'Packing weight': '41.50 kg', 'Volume': '0.4704 m3'}","Description
Collection: Hôtel club
Nombre de couverts : /
Extensible : /
Pliable : /
Empilable : /
Nombre de tiroirs : /","['https://images.easyrea.com/images/produits/166739/166739_0.jpg', 'https://images.easyrea.com/images/produits/166739/166739.jpg', 'https://easyrea.com/assets/img/empty.svg']"
NETA COFFEE TABLE NATURAL RATTAN,185087  |  3560231645946,"€66.16
HT",In stock,https://images.easyrea.com/images/produits/185087/185087.jpg,"{'Circle of life': 'PERMANENT', 'Color': 'Beige', 'Assortment number': '0', 'Assortment details': 'ROTIN', 'Product dimensions': 'D. 74 x H. 40 cm', 'Product Weight': '3.000 Kg', 'Material': 'RATTAN', 'Packaging': 'HANGTAG LIVRET', 'Implantation': 'AU_SOL', 'Customs code': '9403830090', 'ECO MOB': '0.44 TTC', 'Gencod': '3560231645946'}","{'Plateform': 'Amiens', 'Packing (box/pack/pallet)': '1 / 1 / 6', 'Packing dimensions': '75.00 x 75.00 x 41.00 cm', 'Packing details dimensions': 'L.75.00 x l.75.00 x H.41.00 cm', 'Packing weight': '5.50 kg', 'Volume': '0.2306 m3'}","Description
Collection: Sieste à Loumarin
Nombre de couverts : /
Extensible : /
Pliable : /
Empilable : /
Nombre de tiroirs : /","['https://images.easyrea.com/images/produits/185087/185087_0.jpg', 'https://images.easyrea.com/images/produits/185087/185087.jpg', 'https://easyrea.com/assets/img/empty.svg']"
FARAH COFFEE TABLE RATTAN,166652  |  3560238706916,"€137.82
HT",In stock,https://images.easyrea.com/images/produits/166652/166652.jpg,"{'Circle of life': 'PERMANENT', 'Color': 'Beige', 'Assortment number': '0', 'Assortment details': 'NATUREL', 'Product dimensions': 'D. 91 x H. 51 cm', 'Packing dimensions': 'Hauteur étagère : 25,5 cm', 'Product Weight': '11.200 Kg', 'Material': 'RATTAN/TEMP GLAS', 'Packaging': 'HANGTAG LIVRET', 'Implantation': 'AU_SOL', 'Customs code': '9403830090', 'ECO MOB': '2.80 TTC', 'Gencod': '3560238706916'}","{'Plateform': 'Amiens', 'Packing (box/pack/pallet)': '1 / 1 / 8', 'Packing dimensions': 'Multi-colis', 'Packing details dimensions': 'Colis 1 L.92.00 x l.92.00 x H.52.00 cm, Colis 2 L.84.70 x l.85.00 x H.22.00 cm', 'Packing weight': '5.30 kg', 'Volume': '0.4401 m3'}","Description
Collection: Palm cocktail","['https://images.easyrea.com/images/produits/166652/166652_0.jpg', 'https://images.easyrea.com/images/produits/166652/166652_1.jpg', 'https://images.easyrea.com/images/produits/166652/166652.jpg']"
COPPA COFFEE TABLE BEIGE MANGO WOOD AND MARBLE,194652  |  3560232606106,"€192.94
HT",In arrival,https://images.easyrea.com/images/produits/194652/194652.jpg,"{'Circle of life': 'PERMANENT', 'Color': 'Beige', 'Assortment number': '0', 'Assortment details': 'MARBRE BEIGE', 'Product dimensions': 'D. 91,5 x H. 45 cm', 'Product Weight': '49.900 Kg', 'Material': 'MANGO/MARBLE', 'Assembly': 'A monter soi-même', 'Packaging': 'STICKER IMPRIME T3 /HANGTAG LIVRET', 'Implantation': 'AU_SOL', 'Customs code': '9403601000', 'ECO MOB': '10.01 TTC', 'Gencod': '3560232606106'}","{'Plateform': 'Amiens', 'Packing (box/pack/pallet)': '1 / 1 / 2', 'Packing dimensions': '104.14 x 104.14 x 33.02 cm', 'Packing details dimensions': 'L.104.14 x l.104.14 x H.33.02 cm', 'Packing weight': '58.80 kg', 'Volume': '0.3581 m3'}",,"['https://images.easyrea.com/images/produits/194652/194652_0.jpg', 'https://images.easyrea.com/images/produits/194652/194652_1.jpg', 'https://images.easyrea.com/images/produits/194652/194652.jpg']"
TAHO DINING TABLE 150 X 80 CM GLASS AND METAL,140356  |  3560234476493,"€82.69
HT",In stock,https://images.easyrea.com/images/produits/140356/140356.jpg,"{'Circle of life': 'PERMANENT', 'Color': 'Transparent', 'Assortment number': '0', 'Assortment details': 'Verre', 'Product dimensions': 'L. 150 x P. 80 x H. 76 cm', 'Product Weight': '38.000 Kg', 'Material': 'IRON/TEMP GLAS', 'Assembly': 'A monter soi-même', 'Packaging': 'HANGTAG LIVRET/STICKER IMPRIME T3 /MASTER BOITE KRAFT', 'Implantation': 'AU_SOL', 'Customs code': '9403208000', 'ECO MOB': '4.20 TTC', 'Gencod': '3560234476493'}","{'Plateform': 'Amiens', 'Packing (box/pack/pallet)': '1 / 1 / 22', 'Packing dimensions': '154.00 x 83.00 x 8.00 cm', 'Packing details dimensions': 'L.154.00 x l.83.00 x H.8.00 cm', 'Packing weight': '42.00 kg', 'Volume': '0.1023 m3'}",,"['https://images.easyrea.com/images/produits/140356/140356_0.jpg', 'https://images.easyrea.com/images/produits/140356/140356.jpg', 'https://easyrea.com/assets/img/empty.svg']"
ROKA DINING TABLE 150 X 80 CM,140357  |  3560234476509,"€82.69
HT",In stock,https://images.easyrea.com/images/produits/140357/140357.jpg,"{'Circle of life': 'PERMANENT', 'Color': 'Blanc', 'Assortment number': '0', 'Assortment details': 'Blanc', 'Product dimensions': 'L. 150,8 x P. 80 x H. 74,5 cm', 'Product Weight': '20.100 Kg', 'Material': 'BEECH/MDF E1', 'Assembly': 'A monter soi-même', 'Packaging': 'HANGTAG/STICKER IMPRIME T3 /MASTER BOITE KRAFT', 'Implantation': 'AU_SOL', 'Customs code': '9403208000', 'ECO MOB': '1.50 TTC', 'Gencod': '3560234476509'}","{'Plateform': 'Amiens', 'Packing (box/pack/pallet)': '1 / 1 / 5', 'Packing dimensions': '161.50 x 91.00 x 14.00 cm', 'Packing details dimensions': 'L.161.50 x l.91.00 x H.14.00 cm', 'Packing weight': '23.00 kg', 'Volume': '0.2058 m3'}","Description
Collection: Belle journée
Nombre de couverts : 6
Extensible : Non
Pliable : Non
Empilable : Non","['https://images.easyrea.com/images/produits/140357/140357_0.jpg', 'https://images.easyrea.com/images/produits/140357/140357.jpg', 'https://easyrea.com/assets/img/empty.svg']"
ARTY DINING TABLE 160 X 80 CM,166711  |  3560233812063,"€137.82
HT",In arrival,https://images.easyrea.com/images/produits/166711/166711.jpg,"{'Circle of life': 'PERMANENT', 'Color': 'Beige', 'Assortment number': '1', 'Assortment details': 'BOIS', 'Product dimensions': 'L. 160 x P. 79,5 x H. 76 cm', 'Product Weight': '37.000 Kg', 'Material': 'MDF_E1/FRENE', 'Assembly': 'A monter soi-même', 'Packaging': 'STICKER IMPRIME/MASTER BOITE KRAFT', 'Implantation': 'AU_SOL', 'Customs code': '9403601000', 'ECO MOB': '3.14 TTC', 'Gencod': '3560233812063'}","{'Plateform': 'Amiens', 'Packing (box/pack/pallet)': '1 / 1 / 5', 'Packing dimensions': '86.50 x 14.10 x 169.00 cm', 'Packing details dimensions': 'L.86.50 x l.14.10 x H.169.00 cm', 'Packing weight': '42.50 kg', 'Volume': '0.2061 m3'}","Description
Collection: Palm cocktail
Nombre de couverts : 44351
Extensible : NON
Pliable : /
Empilable : /
Nombre de tiroirs : /","['https://images.easyrea.com/images/produits/166711/166711_0.jpg', 'https://images.easyrea.com/images/produits/166711/166711_1.jpg', 'https://images.easyrea.com/images/produits/166711/166711.jpg']"
ARDEN DINING TABLE 160 X 85 CM,197734  |  3560232702136,"€275.63
HT",In stock,https://images.easyrea.com/images/produits/197734/197734.jpg,"{'Circle of life': 'PERMANENT', 'Color': 'Beige', 'Assortment number': '0', 'Assortment details': 'PLACAGE FRENE', 'Product dimensions': 'L. 160 x P. 87,5 x H. 74,5 cm', 'Product Weight': '38.000 Kg', 'Material': 'ASH/MDF E1', 'Assembly': 'A monter soi-même', 'Packaging': 'MASTER BOITE KRAFT/STICKER IMPRIME T3 /HANGTAG LIVRET', 'Implantation': 'AU_SOL', 'Customs code': '9403601000', 'ECO MOB': '3.14 TTC', 'Gencod': '3560232702136'}","{'Plateform': 'Amiens', 'Packing (box/pack/pallet)': '1 / 1 / 5', 'Packing dimensions': '172.00 x 94.50 x 13.50 cm', 'Packing details dimensions': 'L.172.00 x l.94.50 x H.13.50 cm', 'Packing weight': '44.00 kg', 'Volume': '0.2194 m3'}","Description
Collection: Olme design","['https://images.easyrea.com/images/produits/197734/197734_0.jpg', 'https://images.easyrea.com/images/produits/197734/197734_1.jpg', 'https://images.easyrea.com/images/produits/197734/197734.jpg']"
DIGHA EXTENDABLE DINING TABLE 200-250 X 100 CM,184928  |  3560231553784,"€330.76
HT",In stock,https://images.easyrea.com/images/produits/184928/184928.jpg,"{'Circle of life': 'PERMANENT', 'Color': 'Beige', 'Assortment number': '0', 'Assortment details': 'CHENE', 'Product dimensions': 'L. 200 x P. 100 x H. 75 cm', 'Packing dimensions': 'L. 200-250 x P. 100 x H. 75 cm', 'Product Weight': '73.000 Kg', 'Material': 'PART BDE1/OAK', 'Assembly': 'A monter soi-même', 'Packaging': 'MASTER BOITE KRAFT/STICKER IMPRIME T3 /HANGTAG LIVRET', 'Implantation': 'AU_SOL', 'Customs code': '9403601000', 'ECO MOB': '7.00 TTC', 'Gencod': '3560231553784'}","{'Plateform': 'Amiens', 'Packing (box/pack/pallet)': '1 / 1 / 6', 'Packing dimensions': '207.00 x 110.00 x 15.00 cm', 'Packing details dimensions': 'L.207.00 x l.110.00 x H.15.00 cm', 'Packing weight': '78.00 kg', 'Volume': '0.3416 m3'}","Description
Collection: Alicante
Extensible : OUI","['https://images.easyrea.com/images/produits/184928/184928_0.jpg', 'https://images.easyrea.com/images/produits/184928/184928_1.jpg', 'https://images.easyrea.com/images/produits/184928/184928_2.jpg', 'https://images.easyrea.com/images/produits/184928/184928_3.jpg', 'https://images.easyrea.com/images/produits/184928/184928.jpg']"
SABOR EXTENDABLE DINING TABLE 180-260 X 90 CM,185043  |  3560231638757,"€441.00
HT",In arrival,https://images.easyrea.com/images/produits/185043/185043.jpg,"{'Circle of life': 'PERMANENT', 'Color': 'Beige Moyen', 'Assortment number': '0', 'Assortment details': 'ACACIA', 'Product dimensions': 'L. 180 x P. 90 x H. 76 cm', 'Packing dimensions': 'Longueur max : L. 260 cm / Hauteur sous plateau : H. 65 cm', 'Product Weight': '57.000 Kg', 'Material': 'ACACIA', 'Assembly': 'A monter soi-même', 'Packaging': 'MASTER BOITE KRAFT/STICKER IMPRIME/HANGTAG', 'Implantation': 'AU_SOL', 'Customs code': '9403601000', 'ECO MOB': '7.00 TTC', 'Gencod': '3560231638757'}","{'Plateform': 'Amiens', 'Packing (box/pack/pallet)': '1 / 1 / 3', 'Packing dimensions': '190.00 x 99.00 x 26.00 cm', 'Packing details dimensions': 'L.190.00 x l.99.00 x H.26.00 cm', 'Packing weight': '71.00 kg', 'Volume': '0.4891 m3'}","Description
Collection: Exotic Panama
Extensible : OUI (L. 180 - 220 - 260 cm)","['https://images.easyrea.com/images/produits/185043/185043_0.jpg', 'https://images.easyrea.com/images/produits/185043/185043_1.jpg', 'https://images.easyrea.com/images/produits/185043/185043_2.jpg', 'https://images.easyrea.com/images/produits/185043/185043_3.jpg', 'https://images.easyrea.com/images/produits/185043/185043_4.jpg', 'https://images.easyrea.com/images/produits/185043/185043.jpg']"
OLIVER DINING TABLE 160 X 80 CM,197736  |  3560232702198,"€165.38
HT",In stock,https://images.easyrea.com/images/produits/197736/197736.jpg,"{'Circle of life': 'PERMANENT', 'Color': 'Marron', 'Assortment number': '0', 'Assortment details': 'PLACAGE CHENE', 'Product dimensions': 'L. 160 x P. 80 x H. 76 cm', 'Product Weight': '24.000 Kg', 'Material': 'PART BDE1/MAHOGANY', 'Assembly': 'A monter soi-même', 'Packaging': 'MASTER BOITE KRAFT/STICKER IMPRIME T3 /HANGTAG LIVRET', 'Implantation': 'AU_SOL', 'Customs code': '9403601000', 'ECO MOB': '2.20 TTC', 'Gencod': '3560232702198'}","{'Plateform': 'Amiens', 'Packing (box/pack/pallet)': '1 / 1 / 6', 'Packing dimensions': '168.00 x 88.50 x 12.50 cm', 'Packing details dimensions': 'L.168.00 x l.88.50 x H.12.50 cm', 'Packing weight': '27.50 kg', 'Volume': '0.1859 m3'}","Description
Collection: Be vintage","['https://images.easyrea.com/images/produits/197736/197736_0.jpg', 'https://images.easyrea.com/images/produits/197736/197736_1.jpg', 'https://images.easyrea.com/images/produits/197736/197736_2.jpg', 'https://images.easyrea.com/images/produits/197736/197736.jpg']"
AJMAL DINING TABLE 200 X 100 CM,157261  |  3560238654132,"€275.63
HT",Unavailable at this moment,https://images.easyrea.com/images/produits/157261/157261.jpg,"{'Circle of life': 'PERMANENT', 'Color': 'Beige', 'Assortment number': '0', 'Assortment details': 'NATUREL', 'Product dimensions': 'L. 200 x P. 76 x H. 100 cm', 'Product Weight': '59.400 Kg', 'Material': 'MANGO', 'Assembly': 'A monter soi-même', 'Packaging': 'HANGTAG', 'Implantation': 'SUR_ETAGERE', 'Customs code': '9403601000', 'ECO MOB': '4.20 TTC', 'Gencod': '3560238654132'}","{'Plateform': 'Amiens', 'Packing (box/pack/pallet)': '1 / 1 / 4', 'Packing dimensions': '208.50 x 18.00 x 109.50 cm', 'Packing details dimensions': 'L.208.50 x l.18.00 x H.109.50 cm', 'Packing weight': '56.00 kg', 'Volume': '0.4110 m3'}","Description
Nombre de couverts : 44414
Extensible : NON
Pliable : NON
Empilable : NON","['https://images.easyrea.com/images/produits/157261/157261_0.jpg', 'https://images.easyrea.com/images/produits/157261/157261.jpg', 'https://easyrea.com/assets/img/empty.svg']"
BANILA EXTENDABLE DINING TABLE 180-260 X 90 CM,166634  |  3560238706831,"€385.88
HT",In stock,https://images.easyrea.com/images/produits/166634/166634.jpg,"{'Circle of life': 'PERMANENT', 'Color': 'Beige', 'Assortment number': '0', 'Assortment details': 'BOIS', 'Product dimensions': 'L. 180 x P. 90 x H. 76 cm', 'Packing dimensions': 'L. 180/260 x l. 90 x H. 76 cm', 'Product Weight': '66.000 Kg', 'Material': 'ACACIA', 'Assembly': 'A monter soi-même', 'Packaging': 'STICKER IMPRIME T3 /MASTER BOITE KRAFT', 'Implantation': 'AU_SOL', 'Customs code': '9403601000', 'ECO MOB': '7.00 TTC', 'Gencod': '3560238706831'}","{'Plateform': 'Amiens', 'Packing (box/pack/pallet)': '1 / 1 / 3', 'Packing dimensions': '187.00 x 97.00 x 24.00 cm', 'Packing details dimensions': 'L.187.00 x l.97.00 x H.24.00 cm', 'Packing weight': '68.00 kg', 'Volume': '0.4353 m3'}","Description
Extensible : OUI","['https://images.easyrea.com/images/produits/166634/166634_0.jpg', 'https://images.easyrea.com/images/produits/166634/166634_1.jpg', 'https://images.easyrea.com/images/produits/166634/166634_2.jpg', 'https://images.easyrea.com/images/produits/166634/166634_3.jpg', 'https://images.easyrea.com/images/produits/166634/166634.jpg']"
AERIS EXTENDABLE DINING TABLE 180-220 X 90 CM,185030  |  3560231638672,"€385.88
HT",In stock,https://images.easyrea.com/images/produits/185030/185030.jpg,"{'Circle of life': 'PERMANENT', 'Color': 'Beige', 'Assortment number': '0', 'Assortment details': 'ACACIA AVEC MARQUETERIE', 'Product dimensions': 'L. 180 x P. 90 x H. 76 cm', 'Packing dimensions': 'Longueur max : L. 220 cm / Hauteur sous plateau : 65 cm', 'Product Weight': '56.500 Kg', 'Material': 'ACACIA/MDF E1', 'Assembly': 'A monter soi-même', 'Packaging': 'MASTER BOITE KRAFT/STICKER IMPRIME/HANGTAG', 'Implantation': 'AU_SOL', 'Customs code': '9403601000', 'ECO MOB': '4.20 TTC', 'Gencod': '3560231638672'}","{'Plateform': 'Amiens', 'Packing (box/pack/pallet)': '1 / 1 / 3', 'Packing dimensions': '190.00 x 99.00 x 26.00 cm', 'Packing details dimensions': 'L.190.00 x l.99.00 x H.26.00 cm', 'Packing weight': '69.00 kg', 'Volume': '0.4891 m3'}","Description
Nombre de couverts : /
Extensible : OUI (L. 180-220 cm)
Pliable : /
Empilable : /
Nombre de tiroirs : /","['https://images.easyrea.com/images/produits/185030/185030_0.jpg', 'https://images.easyrea.com/images/produits/185030/185030_1.jpg', 'https://images.easyrea.com/images/produits/185030/185030_2.jpg', 'https://images.easyrea.com/images/produits/185030/185030_3.jpg', 'https://images.easyrea.com/images/produits/185030/185030.jpg']"
OSCAR DINING TABLE 180 X 90 CM,194657  |  3560232606168,"€330.76
HT",In stock,https://images.easyrea.com/images/produits/194657/194657.jpg,"{'Circle of life': 'PERMANENT', 'Color': 'Beige', 'Assortment number': '1', 'Assortment details': 'ACACIA', 'Product dimensions': 'L. 180 x P. 90 x H. 77 cm', 'Packing dimensions': 'Espace entre les pieds : 99 cm', 'Product Weight': '81.000 Kg', 'Material': 'ACACIA', 'Assembly': 'A monter soi-même', 'Packaging': 'MASTER BOITE KRAFT/STICKER IMPRIME T3 /HANGTAG LIVRET', 'Implantation': 'AU_SOL', 'Customs code': '9403601000', 'ECO MOB': '7.00 TTC', 'Gencod': '3560232606168'}","{'Plateform': 'Amiens', 'Packing (box/pack/pallet)': '1 / 1 / 6', 'Packing dimensions': 'Multi-colis', 'Packing details dimensions': 'Colis 1 L.191.00 x l.101.00 x H.13.00 cm, Colis 2 L.78.00 x l.24.00 x H.86.00 cm', 'Packing weight': '50.00 kg', 'Volume': '0.2508 m3'}",,"['https://images.easyrea.com/images/produits/194657/194657_0.jpg', 'https://images.easyrea.com/images/produits/194657/194657_1.jpg', 'https://images.easyrea.com/images/produits/194657/194657.jpg']"
JILING DINING TABLE 180 X 90 CM,197767  |  3560232714719,"€303.19
HT",In stock,https://images.easyrea.com/images/produits/197767/197767.jpg,"{'Circle of life': 'PERMANENT', 'Color': 'Marron', 'Assortment number': '0', 'Assortment details': 'ACACIA', 'Product dimensions': 'L. 180 x P. 90 x H. 76 cm', 'Product Weight': '72.000 Kg', 'Material': 'ACACIA', 'Assembly': 'A monter soi-même', 'Packaging': 'MASTER BOITE KRAFT/STICKER IMPRIME T3 /HANGTAG LIVRET', 'Implantation': 'AU_SOL', 'Customs code': '9403601000', 'ECO MOB': '7.00 TTC', 'Gencod': '3560232714719'}","{'Plateform': 'Amiens', 'Packing (box/pack/pallet)': '1 / 1 / 3', 'Packing dimensions': '189.23 x 25.40 x 96.52 cm', 'Packing details dimensions': 'L.189.23 x l.25.40 x H.96.52 cm', 'Packing weight': '84.00 kg', 'Volume': '0.4639 m3'}","Description
Collection: Jiling","['https://images.easyrea.com/images/produits/197767/197767_0.jpg', 'https://images.easyrea.com/images/produits/197767/197767_1.jpg', 'https://images.easyrea.com/images/produits/197767/197767_2.jpg', 'https://images.easyrea.com/images/produits/197767/197767.jpg']"
EDÉNA DINING TABLE 180 X 90 CM,114530  |  3560238581629,"€165.38
HT",In stock,https://images.easyrea.com/images/produits/114530/114530.jpg,"{'Circle of life': 'PERMANENT', 'Color': 'Marron', 'Assortment number': '0', 'Assortment details': '1ASST TABLE A DINER EDENA', 'Product dimensions': 'L. 180 x P. 90 x H. 75 cm', 'Product Weight': '31.500 Kg', 'Material': 'ACACIA/IRON', 'Assembly': 'A monter soi-même', 'Packaging': 'MASTER BOITE KRAFT/STICKER IMPRIME', 'Implantation': 'AU_SOL', 'Customs code': '9403208000', 'ECO MOB': '3.14 TTC', 'Gencod': '3560238581629'}","{'Plateform': 'Amiens', 'Packing (box/pack/pallet)': '1 / 1 / 7', 'Packing dimensions': '188.00 x 98.00 x 18.00 cm', 'Packing details dimensions': 'L.188.00 x l.98.00 x H.18.00 cm', 'Packing weight': '36.70 kg', 'Volume': '0.3316 m3'}",,"['https://images.easyrea.com/images/produits/114530/114530_0.jpg', 'https://images.easyrea.com/images/produits/114530/114530_1.jpg', 'https://images.easyrea.com/images/produits/114530/114530.jpg']"
STEJA DINING TABLE WITH CROSS-SHAPED LEGS 180 X 90 CM,166550  |  3560238676202,"€275.63
HT",In stock,https://images.easyrea.com/images/produits/166550/166550.jpg,"{'Circle of life': 'PERMANENT', 'Color': 'Marron', 'Assortment number': '1', 'Assortment details': 'PLATEAU PLACAGE CHENE + PIEDS NOIRS', 'Product dimensions': 'L. 180 x P. 90 x H. 75 cm', 'Product Weight': '49.500 Kg', 'Material': 'PANNEAU_PARTICULES/HETRE/CHENE', 'Assembly': 'A monter soi-même', 'Packaging': 'MASTER BOITE KRAFT/STICKER IMPRIME/HANGTAG LIVRET', 'Implantation': 'AU_SOL', 'Customs code': '9403208000', 'ECO MOB': '4.20 TTC', 'Gencod': '3560238676202'}","{'Plateform': 'Amiens', 'Packing (box/pack/pallet)': '1 / 1 / 14', 'Packing dimensions': 'Multi-colis', 'Packing details dimensions': 'Colis 1 L.99.00 x l.8.00 x H.196.00 cm, Colis 2 L.27.50 x l.14.00 x H.124.00 cm', 'Packing weight': '36.00 kg', 'Volume': '0.1552 m3'}","Description
Collection: Botanic factory
Nombre de couverts : 44351
Extensible : NON
Pliable : NON
Empilable : NON
Nombre de tiroirs : N/A","['https://images.easyrea.com/images/produits/166550/166550_0.jpg', 'https://images.easyrea.com/images/produits/166550/166550_1.jpg', 'https://images.easyrea.com/images/produits/166550/166550.jpg']"
OLAF EXTENDABLE DINING TABLE 180-220 X 90 CM,194659  |  3560232605680,"€413.44
HT",In arrival,https://images.easyrea.com/images/produits/194659/194659.jpg,"{'Circle of life': 'PERMANENT', 'Color': 'Beige', 'Assortment number': '0', 'Assortment details': 'PLACAGE FRENE', 'Product dimensions': 'L. 180 x P. 90 x H. 76 cm', 'Packing dimensions': 'Longueur max : L. 220 cm', 'Product Weight': '72.900 Kg', 'Material': 'IRON/MDF E1', 'Assembly': 'A monter soi-même', 'Packaging': 'MASTER BOITE KRAFT/STICKER IMPRIME T3 /HANGTAG LIVRET', 'Implantation': 'AU_SOL', 'Customs code': '9403208000', 'ECO MOB': '7.00 TTC', 'Gencod': '3560232605680'}","{'Plateform': 'Amiens', 'Packing (box/pack/pallet)': '1 / 1 / 4', 'Packing dimensions': 'Multi-colis', 'Packing details dimensions': 'Colis 1 L.193.00 x l.103.00 x H.18.00 cm, Colis 2 L.82.00 x l.79.00 x H.26.00 cm', 'Packing weight': '57.00 kg', 'Volume': '0.3578 m3'}","Description
Extensible : OUI (L.180 - 220 cm)","['https://images.easyrea.com/images/produits/194659/194659_0.jpg', 'https://images.easyrea.com/images/produits/194659/194659_1.jpg', 'https://images.easyrea.com/images/produits/194659/194659_2.jpg', 'https://images.easyrea.com/images/produits/194659/194659_3.jpg', 'https://images.easyrea.com/images/produits/194659/194659_4.jpg', 'https://images.easyrea.com/images/produits/194659/194659_5.jpg', 'https://images.easyrea.com/images/produits/194659/194659_6.jpg', 'https://images.easyrea.com/images/produits/194659/194659.jpg']"
CHRYSA DINING TABLE 180 X 90 CM,131161  |  3560239258780,"€165.38
HT",Unavailable at this moment,https://images.easyrea.com/images/produits/131161/131161.jpg,"{'Circle of life': 'PERMANENT', 'Color': 'Noir', 'Assortment number': '0', 'Assortment details': 'Noir + plateau bois', 'Product dimensions': 'L. 180 x P. 90 x H. 79 cm', 'Product Weight': '20.800 Kg', 'Material': 'PINE/MDF E1', 'Assembly': 'A monter soi-même', 'Packaging': 'MASTER BOITE KRAFT/STICKER IMPRIME T3', 'Implantation': 'AU_SOL', 'Customs code': '9403601000', 'ECO MOB': '2.20 TTC', 'Gencod': '3560239258780'}","{'Plateform': 'Amiens', 'Packing (box/pack/pallet)': '1 / 1 / 4', 'Packing dimensions': '186.00 x 17.50 x 96.00 cm', 'Packing details dimensions': 'L.186.00 x l.17.50 x H.96.00 cm', 'Packing weight': '25.00 kg', 'Volume': '0.3125 m3'}","Description
Collection: Midnight garden
Nombre de couverts : Jusqu’à 8 couverts
Extensible : non
Pliable : non
Empilable : non","['https://images.easyrea.com/images/produits/131161/131161_0.jpg', 'https://images.easyrea.com/images/produits/131161/131161_1.jpg', 'https://images.easyrea.com/images/produits/131161/131161_2.jpg', 'https://images.easyrea.com/images/produits/131161/131161.jpg']"
OLBIA DINING TABLE 200 X 100 CM,197722  |  3560232688270,"€275.63
HT",In stock,https://images.easyrea.com/images/produits/197722/197722.jpg,"{'Circle of life': 'PERMANENT', 'Color': 'Blanc', 'Assortment number': '0', 'Assortment details': 'ACACIA / BLANC', 'Product dimensions': 'L. 200 x P. 100 x H. 76 cm', 'Product Weight': '45.500 Kg', 'Material': 'MDF E1/ACACIA', 'Assembly': 'A monter soi-même', 'Packaging': 'MASTER BOITE KRAFT/STICKER IMPRIME/HANGTAG LIVRET', 'Implantation': 'AU_SOL', 'Customs code': '9403601000', 'ECO MOB': '4.20 TTC', 'Gencod': '3560232688270'}","{'Plateform': 'Amiens', 'Packing (box/pack/pallet)': '1 / 1 / 3', 'Packing dimensions': '210.00 x 110.00 x 25.50 cm', 'Packing details dimensions': 'L.210.00 x l.110.00 x H.25.50 cm', 'Packing weight': '56.00 kg', 'Volume': '0.5891 m3'}",,"['https://images.easyrea.com/images/produits/197722/197722_0.jpg', 'https://images.easyrea.com/images/produits/197722/197722_1.jpg', 'https://images.easyrea.com/images/produits/197722/197722.jpg']"
SLANO DINING TABLE 120 X 80 CM,197778  |  3560232718076,"€71.67
HT",In stock,https://images.easyrea.com/images/produits/197778/197778.jpg,"{'Circle of life': 'PERMANENT', 'Color': 'Beige', 'Assortment number': '0', 'Assortment details': 'PIED METAL / PLATEAU EFFET BOIS', 'Product dimensions': 'L. 120 x P. 80 x H. 75 cm', 'Product Weight': '19.200 Kg', 'Material': 'MDF E1/STEEL', 'Assembly': 'A monter soi-même', 'Packaging': 'MASTER BOITE KRAFT/STICKER IMPRIME/HANGTAG LIVRET', 'Implantation': 'AU_SOL', 'Customs code': '9403208000', 'ECO MOB': '2.20 TTC', 'Gencod': '3560232718076'}","{'Plateform': 'Amiens', 'Packing (box/pack/pallet)': '1 / 1 / 25', 'Packing dimensions': '156.50 x 99.50 x 6.50 cm', 'Packing details dimensions': 'L.156.50 x l.99.50 x H.6.50 cm', 'Packing weight': '20.00 kg', 'Volume': '0.1012 m3'}",,"['https://images.easyrea.com/images/produits/197778/197778_0.jpg', 'https://images.easyrea.com/images/produits/197778/197778_1.jpg', 'https://images.easyrea.com/images/produits/197778/197778.jpg']"
SKIDAL DINING TABLE 200 X 100 CM,197775  |  3560232718014,"€330.76
HT",In stock,https://images.easyrea.com/images/produits/197775/197775.jpg,"{'Circle of life': 'PERMANENT', 'Color': 'Marron', 'Assortment number': '0', 'Assortment details': 'BRUN', 'Product dimensions': 'L. 200 x P. 100 x H. 76 cm', 'Product Weight': '75.350 Kg', 'Material': 'ACACIA/IRON', 'Assembly': 'A monter soi-même', 'Packaging': 'MASTER BOITE KRAFT/STICKER IMPRIME T3 /HANGTAG LIVRET', 'Implantation': 'AU_SOL', 'Customs code': '9403601000', 'ECO MOB': '7.00 TTC', 'Gencod': '3560232718014'}","{'Plateform': 'Amiens', 'Packing (box/pack/pallet)': '1 / 1 / 8', 'Packing dimensions': 'Multi-colis', 'Packing details dimensions': 'Colis 1 L.206.00 x l.110.00 x H.10.00 cm, Colis 2 L.88.00 x l.22.00 x H.79.00 cm', 'Packing weight': '66.00 kg', 'Volume': '0.2266 m3'}",,"['https://images.easyrea.com/images/produits/197775/197775_0.jpg', 'https://images.easyrea.com/images/produits/197775/197775_1.jpg', 'https://images.easyrea.com/images/produits/197775/197775.jpg']"
ELIAS DINING TABLE DIAM. 100 CM,184932  |  3560231550790,"€93.72
HT",In arrival,https://images.easyrea.com/images/produits/184932/184932.jpg,"{'Circle of life': 'PERMANENT', 'Color': 'Multicolore', 'Assortment number': '0', 'Assortment details': 'EFFET CHENE', 'Product dimensions': 'D. 102 x H. 74 cm', 'Product Weight': '21.900 Kg', 'Material': 'MDF E1/IRON', 'Assembly': 'A monter soi-même', 'Packaging': 'MASTER BOITE KRAFT/STICKER IMPRIME', 'Implantation': 'AU_SOL', 'Customs code': '9403208000', 'ECO MOB': '1.50 TTC', 'Gencod': '3560231550790'}","{'Plateform': 'Amiens', 'Packing (box/pack/pallet)': '1 / 1 / 10', 'Packing dimensions': 'Multi-colis', 'Packing details dimensions': 'Colis 1 L.112.50 x l.112.50 x H.7.00 cm, Colis 2 L.66.00 x l.65.00 x H.11.00 cm, Colis 3 L.70.00 x l.17.00 x H.18.00 cm', 'Packing weight': '12.50 kg', 'Volume': '0.0886 m3'}","Description
Collection: So cosy","['https://images.easyrea.com/images/produits/184932/184932_0.jpg', 'https://images.easyrea.com/images/produits/184932/184932_1.jpg', 'https://images.easyrea.com/images/produits/184932/184932.jpg']"
BOKI DINING TABLE DIAM. 120 CM BLACK,197774  |  3560232717994,"€275.63
HT",In stock,https://images.easyrea.com/images/produits/197774/197774.jpg,"{'Circle of life': 'PERMANENT', 'Color': 'Noir', 'Assortment number': '0', 'Assortment details': 'NOIR', 'Product dimensions': 'D. 120 x P. 76 cm', 'Product Weight': '53.000 Kg', 'Material': 'MANGO', 'Assembly': 'A monter soi-même', 'Packaging': 'MASTER BOITE KRAFT/STICKER IMPRIME T3', 'Implantation': 'AU_SOL', 'Customs code': '9403601000', 'ECO MOB': '4.20 TTC', 'Gencod': '3560232717994'}","{'Plateform': 'Amiens', 'Packing (box/pack/pallet)': '1 / 1 / 16', 'Packing dimensions': 'Multi-colis', 'Packing details dimensions': 'Colis 1 L.126.00 x l.126.00 x H.10.00 cm, Colis 2 L.65.00 x l.65.00 x H.79.00 cm', 'Packing weight': '31.20 kg', 'Volume': '0.1588 m3'}",,"['https://images.easyrea.com/images/produits/197774/197774_0.jpg', 'https://images.easyrea.com/images/produits/197774/197774_1.jpg', 'https://images.easyrea.com/images/produits/197774/197774.jpg']"
ROXAS DINING TABLE 160 X 90 CM,166716  |  3560233812117,"€137.82
HT",In stock,https://images.easyrea.com/images/produits/166716/166716.jpg,"{'Circle of life': 'PERMANENT', 'Color': 'Blanc', 'Assortment number': '0', 'Assortment details': 'VERRE TREMPE EFFET MARBRE BLANC', 'Product dimensions': 'L. 160 x P. 90 x H. 76,5 cm', 'Product Weight': '39.000 Kg', 'Material': 'IRON/TEMP GLAS', 'Assembly': 'A monter soi-même', 'Packaging': 'STICKER IMPRIME/MASTER BOITE KRAFT', 'Implantation': 'AU_SOL', 'Customs code': '9403208000', 'ECO MOB': '6.30 TTC', 'Gencod': '3560233812117'}","{'Plateform': 'Amiens', 'Packing (box/pack/pallet)': '1 / 1 / 5', 'Packing dimensions': '167.00 x 97.00 x 13.00 cm', 'Packing details dimensions': 'L.167.00 x l.97.00 x H.13.00 cm', 'Packing weight': '43.70 kg', 'Volume': '0.2106 m3'}","Description
Collection: To feel good
Nombre de couverts : 44351
Extensible : NON
Pliable : N/A
Empilable : N/A
Nombre de tiroirs : N/A","['https://images.easyrea.com/images/produits/166716/166716_0.jpg', 'https://images.easyrea.com/images/produits/166716/166716_1.jpg', 'https://images.easyrea.com/images/produits/166716/166716.jpg']"
MAPU EXTENDABLE DINING TABLE 160-200 X 90 CM GLASS AND METAL,166719  |  3560233812148,"€192.94
HT",In stock,https://images.easyrea.com/images/produits/166719/166719.jpg,"{'Circle of life': 'PERMANENT', 'Color': 'Noir', 'Assortment number': '0', 'Assortment details': 'VERRE TREMPE EFFET MARBRE NOIR', 'Product dimensions': 'L. 160 x P. 90 x H. 78 cm', 'Product Weight': '59.800 Kg', 'Material': 'IRON/TEMP GLAS', 'Assembly': 'A monter soi-même', 'Packaging': 'STICKER IMPRIME/MASTER BOITE KRAFT', 'Implantation': 'AU_SOL', 'Customs code': '9403208000', 'ECO MOB': '6.30 TTC', 'Gencod': '3560233812148'}","{'Plateform': 'Amiens', 'Packing (box/pack/pallet)': '1 / 1 / 12', 'Packing dimensions': '166.00 x 96.00 x 13.00 cm', 'Packing details dimensions': 'L.166.00 x l.96.00 x H.13.00 cm', 'Packing weight': '59.00 kg', 'Volume': '0.2072 m3'}","Description
Collection: Sublima
Nombre de couverts : 44414
Extensible : OUI (automatique)
Pliable : NON
Empilable : NON
Nombre de tiroirs : /","['https://images.easyrea.com/images/produits/166719/166719_0.jpg', 'https://images.easyrea.com/images/produits/166719/166719_1.jpg', 'https://images.easyrea.com/images/produits/166719/166719_2.jpg', 'https://images.easyrea.com/images/produits/166719/166719_3.jpg', 'https://images.easyrea.com/images/produits/166719/166719_4.jpg', 'https://images.easyrea.com/images/produits/166719/166719.jpg']"
KIPOS DINING TABLE 160 X 90 CM,166567  |  3560238693056,"€165.38
HT",In stock,https://images.easyrea.com/images/produits/166567/166567.jpg,"{'Circle of life': 'PERMANENT', 'Color': 'Noir', 'Assortment number': '0', 'Assortment details': 'MOSAIQUE', 'Product dimensions': 'L. 160 x P. 90 x H. 75 cm', 'Product Weight': '69.500 Kg', 'Material': 'CEMENT/LIMESTONE/IRON', 'Assembly': 'A monter soi-même', 'Packaging': 'STICKER IMPRIME/HANGTAG LIVRET/MASTER BOITE KRAFT', 'Implantation': 'SUR_ETAGERE', 'Customs code': '9403208000', 'ECO MOB': '7.00 TTC', 'Gencod': '3560238693056'}","{'Plateform': 'Amiens', 'Packing (box/pack/pallet)': '1 / 1 / 6', 'Packing dimensions': '170.00 x 100.00 x 17.00 cm', 'Packing details dimensions': 'L.170.00 x l.100.00 x H.17.00 cm', 'Packing weight': '69.00 kg', 'Volume': '0.2890 m3'}","Description
Nombre de couverts : 44351
Extensible : NON
Pliable : NON
Empilable : NON
Nombre de tiroirs : N/A","['https://images.easyrea.com/images/produits/166567/166567_0.jpg', 'https://images.easyrea.com/images/produits/166567/166567.jpg', 'https://easyrea.com/assets/img/empty.svg']"
KIPOS DINING TABLE DIAM. 90 CM,166566  |  3560238693049,"€104.74
HT",In stock,https://images.easyrea.com/images/produits/166566/166566.jpg,"{'Circle of life': 'PERMANENT', 'Color': 'Noir', 'Assortment number': '1', 'Assortment details': 'MOSAIQUE', 'Product dimensions': 'D. 90 x H. 76 cm', 'Packing dimensions': 'Espacement entre les pieds : 52 cm', 'Product Weight': '30.000 Kg', 'Material': 'FER/GRES/PIERRE/CIMENT', 'Assembly': 'A monter soi-même', 'Packaging': 'STICKER IMPRIME/HANGTAG LIVRET/MASTER BOITE KRAFT', 'Implantation': 'AU_SOL', 'Customs code': '9403208000', 'ECO MOB': '3.14 TTC', 'Gencod': '3560238693049'}","{'Plateform': 'Amiens', 'Packing (box/pack/pallet)': '1 / 1 / 5', 'Packing dimensions': '97.00 x 97.00 x 14.00 cm', 'Packing details dimensions': 'L.97.00 x l.97.00 x H.14.00 cm', 'Packing weight': '34.00 kg', 'Volume': '0.1317 m3'}","Description
Nombre de couverts : 44288
Extensible : NON
Pliable : NON
Empilable : NON
Nombre de tiroirs : N/A","['https://images.easyrea.com/images/produits/166566/166566_0.jpg', 'https://images.easyrea.com/images/produits/166566/166566.jpg', 'https://easyrea.com/assets/img/empty.svg']"
RAYO DINING TABLE DIAM. 120 CM WHITE,179166A  |  3560237595276,"€137.82
HT",In stock,https://images.easyrea.com/images/produits/179166A/179166A.jpg,"{'Circle of life': 'PERMANENT', 'Color': 'Blanc', 'Assortment number': '0', 'Assortment details': 'EFFET MARBRE BLANC + GOLD', 'Product dimensions': 'D. 120 x H. 75 cm', 'Product Weight': '35.100 Kg', 'Material': 'IRON/TEMP GLAS', 'Assembly': 'A monter soi-même', 'Packaging': 'STICKER IMPRIME', 'Implantation': 'AU_SOL', 'Customs code': '9403208000', 'ECO MOB': '6.30 TTC', 'Gencod': '3560237595276'}","{'Plateform': 'Amiens', 'Packing (box/pack/pallet)': '1 / 1 / 33', 'Packing dimensions': 'Multi-colis', 'Packing details dimensions': 'Colis 1 L.126.00 x l.126.00 x H.5.00 cm, Colis 2 L.77.00 x l.59.00 x H.22.00 cm', 'Packing weight': '31.70 kg', 'Volume': '0.0794 m3'}","Description
Collection: Le collectionneur","['https://images.easyrea.com/images/produits/179166A/179166A_0.jpg', 'https://images.easyrea.com/images/produits/179166A/179166A_1.jpg', 'https://images.easyrea.com/images/produits/179166A/179166A.jpg']"
SILAS DINING TABLE 200 X 100 CM,179168ECH  |  3560232788604,"€355.00
HT",Unavailable at this moment,https://images.easyrea.com/images/produits/179168ECH/179168ECH.jpg,"{'Circle of life': 'PERMANENT', 'Color': 'Beige Moyen', 'Assortment number': '1', 'Assortment details': 'MANGUIER + METAL NOIR', 'Product dimensions': 'L. 200 x P. 100 x H. 75 cm', 'Product Weight': '60.150 Kg', 'Material': 'FER/MANGUIER', 'Assembly': 'A monter soi-même', 'Packaging': 'STICKER IMPRIME T3 /MASTER BOITE KRAFT', 'Customs code': '9403208000', 'Gencod': '3560232788604'}","{'Plateform': 'Amiens', 'Packing (box/pack/pallet)': '1 / 1 / 4', 'Packing dimensions': '208.00 x 20.00 x 108.00 cm', 'Packing details dimensions': 'L.208.00 x l.20.00 x H.108.00 cm', 'Packing weight': '1.00 kg', 'Volume': '0.4493 m3'}","Description
Collection: Deep soul","['https://easyrea.com/assets/img/empty.svg', 'https://easyrea.com/assets/img/empty.svg', 'https://easyrea.com/assets/img/empty.svg']"
EDENA BAR TABLE 115 X 70 CM,166539  |  3560238671382,"€110.26
HT",In stock,https://images.easyrea.com/images/produits/166539/166539.jpg,"{'Circle of life': 'PERMANENT', 'Color': 'Marron', 'Assortment number': '0', 'Assortment details': 'Plateau bois / Pieds métal noir', 'Product dimensions': 'L. 115 x P. 70 x H. 98 cm', 'Product Weight': '16.200 Kg', 'Material': 'ACACIA/IRON', 'Assembly': 'A monter soi-même', 'Packaging': 'HANGTAG LIVRET/STICKER IMPRIME T3 /MASTER BOITE KRAFT', 'Implantation': 'AU_SOL', 'Customs code': '9403208000', 'ECO MOB': '1.50 TTC', 'Gencod': '3560238671382'}","{'Plateform': 'Amiens', 'Packing (box/pack/pallet)': '1 / 1 / 14', 'Packing dimensions': '120.00 x 76.00 x 15.00 cm', 'Packing details dimensions': 'L.120.00 x l.76.00 x H.15.00 cm', 'Packing weight': '19.00 kg', 'Volume': '0.1368 m3'}","Description
Nombre de couverts : 4-6 couverts
Extensible : NON
Pliable : NON
Empilable : NON","['https://images.easyrea.com/images/produits/166539/166539_0.jpg', 'https://images.easyrea.com/images/produits/166539/166539.jpg', 'https://easyrea.com/assets/img/empty.svg']"
COLVA BAR TABLE 120 X 60 CM,197749  |  3560232710155,"€137.82
HT",In stock,https://images.easyrea.com/images/produits/197749/197749.jpg,"{'Circle of life': 'PERMANENT', 'Color': 'Marron', 'Assortment number': '0', 'Assortment details': 'PLACAGE EFFET BOIS', 'Product dimensions': 'L. 120 x P. 60 x H. 102 cm', 'Product Weight': '44.540 Kg', 'Material': 'PART BDE1/MDF E1', 'Assembly': 'A monter soi-même', 'Packaging': 'MASTER BOITE KRAFT/STICKER IMPRIME T3 /HANGTAG LIVRET', 'Implantation': 'AU_SOL', 'Customs code': '9403609000', 'ECO MOB': '4.20 TTC', 'Gencod': '3560232710155'}","{'Plateform': 'Amiens', 'Packing (box/pack/pallet)': '1 / 1 / 7', 'Packing dimensions': '134.50 x 69.60 x 17.60 cm', 'Packing details dimensions': 'L.134.50 x l.69.60 x H.17.60 cm', 'Packing weight': '47.25 kg', 'Volume': '0.1648 m3'}",,"['https://images.easyrea.com/images/produits/197749/197749_0.jpg', 'https://images.easyrea.com/images/produits/197749/197749_1.jpg', 'https://images.easyrea.com/images/produits/197749/197749_2.jpg', 'https://images.easyrea.com/images/produits/197749/197749_3.jpg', 'https://images.easyrea.com/images/produits/197749/197749.jpg']"
BAKOS BAR TABLE WITH SIDEBOARD 153 X 80 CM,185014  |  3560231638573,"€165.38
HT",In stock,https://images.easyrea.com/images/produits/185014/185014.jpg,"{'Circle of life': 'PERMANENT', 'Color': 'Beige Moyen', 'Assortment number': '0', 'Assortment details': 'BOIS/METAL', 'Product dimensions': 'L. 153,5 x P. 80,5 x H. 180,5 cm', 'Packing dimensions': 'Hauteur 1er étagère : 40 cm Hauteur 2ème étagère : 37 cm Hauteur 3ème étagère : 20 cm Hauteur 4 ème étagère : 19 cm', 'Product Weight': '41.830 Kg', 'Material': 'STEEL/MDF E1', 'Assembly': 'A monter soi-même', 'Packaging': 'MASTER BOITE KRAFT/STICKER IMPRIME/HANGTAG', 'Implantation': 'AU_SOL', 'Customs code': '9403208000', 'ECO MOB': '3.14 TTC', 'Gencod': '3560231638573'}","{'Plateform': 'Amiens', 'Packing (box/pack/pallet)': '1 / 1 / 12', 'Packing dimensions': 'Multi-colis', 'Packing details dimensions': 'Colis 1 L.187.00 x l.16.00 x H.39.00 cm, Colis 2 L.163.00 x l.12.00 x H.83.00 cm', 'Packing weight': '24.20 kg', 'Volume': '0.1167 m3'}","Description
Collection: Le café bordelais
Nombre de couverts : 4
Extensible : Table : L. 120 x P. 76,5 x H. 100 cm","['https://images.easyrea.com/images/produits/185014/185014_0.jpg', 'https://images.easyrea.com/images/produits/185014/185014_1.jpg', 'https://images.easyrea.com/images/produits/185014/185014_2.jpg', 'https://images.easyrea.com/images/produits/185014/185014.jpg']"
ROKA BAR TABLE 120 X 60 CM,166543  |  3560238675878,"€66.16
HT",In arrival,https://images.easyrea.com/images/produits/166543/166543.jpg,"{'Circle of life': 'PERMANENT', 'Color': 'Blanc', 'Assortment number': '1', 'Assortment details': 'BLANC', 'Product dimensions': 'L. 120 x P. 60,5 x H. 104 cm', 'Product Weight': '19.080 Kg', 'Material': 'MDF_E1/ACIER', 'Assembly': 'A monter soi-même', 'Packaging': 'HANGTAG/STICKER IMPRIME T3', 'Implantation': 'AU_SOL', 'Customs code': '9403208000', 'ECO MOB': '1.50 TTC', 'Gencod': '3560238675878'}","{'Plateform': 'Amiens', 'Packing (box/pack/pallet)': '1 / 1 / 6', 'Packing dimensions': '126.50 x 67.50 x 18.20 cm', 'Packing details dimensions': 'L.126.50 x l.67.50 x H.18.20 cm', 'Packing weight': '21.50 kg', 'Volume': '0.1554 m3'}","Description
Nombre de couverts : 44351
Extensible : NON
Pliable : NON
Empilable : NON","['https://images.easyrea.com/images/produits/166543/166543_0.jpg', 'https://images.easyrea.com/images/produits/166543/166543.jpg', 'https://easyrea.com/assets/img/empty.svg']"
CABRAS COFFEE TABLE,197712  |  3560232687396,"€66.16
HT",In stock,https://images.easyrea.com/images/produits/197712/197712.jpg,"{'Circle of life': 'PERMANENT', 'Color': 'Blanc', 'Assortment number': '0', 'Assortment details': 'BLANC / CANNAGE', 'Product dimensions': 'L. 109,8 x P. 60 x H. 45,5 cm', 'Product Weight': '14.640 Kg', 'Material': 'MDF E1/HEVEA/RATTAN', 'Assembly': 'A monter soi-même', 'Packaging': 'MASTER BOITE KRAFT/STICKER IMPRIME T1 /HANGTAG LIVRET', 'Implantation': 'AU_SOL', 'Customs code': '9403601000', 'ECO MOB': '1.50 TTC', 'Gencod': '3560232687396'}","{'Plateform': 'Amiens', 'Packing (box/pack/pallet)': '1 / 1 / 13', 'Packing dimensions': '120.00 x 67.50 x 14.50 cm', 'Packing details dimensions': 'L.120.00 x l.67.50 x H.14.50 cm', 'Packing weight': '18.90 kg', 'Volume': '0.1175 m3'}","Description
1 étagère Design by Atmosphera","['https://images.easyrea.com/images/produits/197712/197712_0.jpg', 'https://images.easyrea.com/images/produits/197712/197712_1.jpg', 'https://images.easyrea.com/images/produits/197712/197712.jpg']"
APALA COFFEE TABLE,197781  |  3560232760778,"€220.50
HT",In stock,https://images.easyrea.com/images/produits/197781/197781.jpg,"{'Circle of life': 'PERMANENT', 'Color': 'Marron', 'Assortment number': '0', 'Assortment details': 'ACACIA', 'Product dimensions': 'L. 80 x P. 80 x H. 38 cm', 'Product Weight': '23.000 Kg', 'Material': 'ACACIA/JUTE/TEMP GLAS', 'Assembly': 'A monter soi-même', 'Packaging': 'MASTER BOITE KRAFT/STICKER IMPRIME T1 /HANGTAG LIVRET', 'Implantation': 'AU_SOL', 'Customs code': '9403601000', 'ECO MOB': '4.60 TTC', 'Gencod': '3560232760778'}","{'Plateform': 'Amiens', 'Packing (box/pack/pallet)': '1 / 1 / 8', 'Packing dimensions': '92.00 x 85.00 x 18.00 cm', 'Packing details dimensions': 'L.92.00 x l.85.00 x H.18.00 cm', 'Packing weight': '29.00 kg', 'Volume': '0.1408 m3'}","Description
Collection: The floral collection
Etagère avec motif & tressage en jute","['https://images.easyrea.com/images/produits/197781/197781_0.jpg', 'https://images.easyrea.com/images/produits/197781/197781_1.jpg', 'https://images.easyrea.com/images/produits/197781/197781_2.jpg', 'https://images.easyrea.com/images/produits/197781/197781.jpg']"
ISANA COFFEE TABLE BLACK,197801A  |  3560232762192,"€99.23
HT",In arrival,https://images.easyrea.com/images/produits/197801A/197801A.jpg,"{'Circle of life': 'PERMANENT', 'Color': 'Noir', 'Assortment number': '0', 'Assortment details': 'MANGUIER NOIR', 'Product dimensions': 'L. 120 x P. 60 x H. 45 cm', 'Product Weight': '18.150 Kg', 'Material': 'MANGO', 'Assembly': 'A monter soi-même', 'Packaging': 'MASTER BOITE KRAFT/STICKER IMPRIME T1 /HANGTAG LIVRET', 'Implantation': 'AU_SOL', 'Customs code': '9403601000', 'ECO MOB': '1.50 TTC', 'Gencod': '3560232762192'}","{'Plateform': 'Amiens', 'Packing (box/pack/pallet)': '1 / 1 / 7', 'Packing dimensions': '125.00 x 66.00 x 23.00 cm', 'Packing details dimensions': 'L.125.00 x l.66.00 x H.23.00 cm', 'Packing weight': '24.00 kg', 'Volume': '0.1898 m3'}","Description
Design moderne & épuré Finition texturée pour apporter de l'authenticité","['https://images.easyrea.com/images/produits/197801A/197801A_0.jpg', 'https://images.easyrea.com/images/produits/197801A/197801A_1.jpg', 'https://images.easyrea.com/images/produits/197801A/197801A_2.jpg', 'https://images.easyrea.com/images/produits/197801A/197801A_3.jpg', 'https://images.easyrea.com/images/produits/197801A/197801A.jpg']"
ISANA COFFEE TABLE BROWN,197801B  |  3560232762277,"€99.23
HT",In arrival,https://images.easyrea.com/images/produits/197801B/197801B.jpg,"{'Circle of life': 'PERMANENT', 'Color': 'Marron', 'Assortment number': '0', 'Product dimensions': 'L. 120 x P. 60 x H. 45 cm', 'Product Weight': '26.210 Kg', 'Material': 'ACACIA', 'Assembly': 'A monter soi-même', 'Packaging': 'MASTER BOITE KRAFT/STICKER IMPRIME T1 /HANGTAG LIVRET', 'Implantation': 'AU_SOL', 'Customs code': '9403601000', 'ECO MOB': '2.20 TTC', 'Gencod': '3560232762277'}","{'Plateform': 'Amiens', 'Packing (box/pack/pallet)': '1 / 1 / 7', 'Packing dimensions': '125.00 x 66.00 x 23.00 cm', 'Packing details dimensions': 'L.125.00 x l.66.00 x H.23.00 cm', 'Packing weight': '24.00 kg', 'Volume': '0.1898 m3'}","Description
Design moderne et épuré Finition teintée pour un résultat homogène","['https://images.easyrea.com/images/produits/197801B/197801B_0.jpg', 'https://images.easyrea.com/images/produits/197801B/197801B_1.jpg', 'https://images.easyrea.com/images/produits/197801B/197801B_2.jpg', 'https://images.easyrea.com/images/produits/197801B/197801B_3.jpg', 'https://images.easyrea.com/images/produits/197801B/197801B.jpg']"
ISANA DINING TABLE 180 X 100 CM,197809  |  3560232803345,"€275.63
HT",In arrival,https://images.easyrea.com/images/produits/197809/197809.jpg,"{'Circle of life': 'PERMANENT', 'Color': 'Marron', 'Assortment number': '0', 'Assortment details': 'ACACIA NOIR', 'Product dimensions': 'L. 180 x P. 100 x H. 76 cm', 'Product Weight': '74.700 Kg', 'Material': 'ACACIA', 'Assembly': 'A monter soi-même', 'Packaging': 'MASTER BOITE KRAFT/STICKER IMPRIME', 'Implantation': 'AU_SOL', 'Customs code': '9403601000', 'ECO MOB': '7.00 TTC', 'Gencod': '3560232803345'}","{'Plateform': 'Amiens', 'Packing (box/pack/pallet)': '1 / 1 / 3', 'Packing dimensions': '186.00 x 107.00 x 26.00 cm', 'Packing details dimensions': 'L.186.00 x l.107.00 x H.26.00 cm', 'Packing weight': '83.90 kg', 'Volume': '0.5175 m3'}","Description
Design moderne et épuré Finition teintée pour un résultat homogène","['https://images.easyrea.com/images/produits/197809/197809_0.jpg', 'https://images.easyrea.com/images/produits/197809/197809_1.jpg', 'https://images.easyrea.com/images/produits/197809/197809.jpg']"
JIVAN DINING TABLE 180 X 90 CM,197811  |  3560232803284,"€358.32
HT",In stock,https://images.easyrea.com/images/produits/197811/197811.jpg,"{'Circle of life': 'PERMANENT', 'Color': 'Marron', 'Assortment number': '0', 'Product dimensions': 'L. 180 x P. 90 x H. 76,5 cm', 'Product Weight': '85.000 Kg', 'Material': 'ACACIA', 'Assembly': 'A monter soi-même', 'Packaging': 'HANGTAG LIVRET/STICKER IMPRIME/MASTER BOITE KRAFT', 'Implantation': 'AU_SOL', 'Customs code': '9403601000', 'ECO MOB': '7.00 TTC', 'Gencod': '3560232803284'}","{'Plateform': 'Amiens', 'Packing (box/pack/pallet)': '1 / 1 / 3', 'Packing dimensions': '187.00 x 97.00 x 26.00 cm', 'Packing details dimensions': 'L.187.00 x l.97.00 x H.26.00 cm', 'Packing weight': '100.00 kg', 'Volume': '0.4716 m3'}","Description
Design moderne et épuré Finition teintée pour un résultat homogène","['https://images.easyrea.com/images/produits/197811/197811_0.jpg', 'https://images.easyrea.com/images/produits/197811/197811_1.jpg', 'https://images.easyrea.com/images/produits/197811/197811_2.jpg', 'https://images.easyrea.com/images/produits/197811/197811.jpg']"
